,address,age,mail,name,sex,username,Cust_id,Probability
0,"3898 Holland Square
East Jessicaland, NH 27751",49,vsteele@yahoo.com,Melissa Noble,F,glewis,0,0.005487804
1,"758 Andrews Loaf
Michaelstad, SD 57345",52,mooreryan@hotmail.com,Joseph Torres,M,stephen36,1,0.001015701
2,"92948 Yoder Mills Apt. 027
Savannahchester, AK 97725",43,romantyler@gmail.com,Jennifer Rodriguez,F,yvonnenguyen,2,0.003486289
3,"32798 Johnston Greens
East Shannon, WY 47145",44,kevin13@gmail.com,Edward Wallace,M,todd15,3,0.001304587
4,"USNS Mitchell
FPO AE 46352",38,lrowe@gmail.com,Tammy Brown,F,sharonwatson,4,0.000155506
5,"1971 Jones Forest Suite 166
West Ryanchester, IL 32069",44,wmills@hotmail.com,Ashley Obrien,F,brownlauren,5,0.001036906
6,"612 Zimmerman Union Suite 711
Woodsville, IN 95094",45,zdavis@hotmail.com,Kayla Figueroa,F,greenadrian,6,0.000175756
7,"3033 Amanda Springs Apt. 823
Karenborough, NC 73650",55,martin80@hotmail.com,Perry Maddox,M,frostanthony,7,0.002599234
8,"416 Brian Avenue
Martinezland, MT 97253",38,chendonna@yahoo.com,Lisa Jones,F,anthonyalexander,8,5.12E-05
9,"USS Gonzales
FPO AP 52476",50,stevenramirez@yahoo.com,Tammy Sullivan,F,sbrown,9,0.000799359
10,"63412 Katherine River Apt. 191
Gallagherfort, WA 63618",49,kwood@gmail.com,Erin Poole,F,collinsbrian,10,0.005353432
11,"144 Brooke Drives
Longhaven, KS 16692",46,pwolfe@hotmail.com,Robert Page,M,cynthia66,11,0.002105163
12,"50396 Scott Point Suite 107
Port Gregoryview, MD 83579",41,deborah75@gmail.com,Ryan Thomas,M,james63,12,0.00409159
13,"462 Kathleen Ramp
Port Corey, HI 78819",51,timothysmith@hotmail.com,Andrea Matthews,F,padkins,13,0.002381898
14,"619 Daniel Rapids Apt. 552
Cunninghamland, KY 18343",50,karendaniels@hotmail.com,Kelsey Farley,F,valentinemichael,14,0.000675936
15,"45348 Michelle Roads
Michaelburgh, LA 57637",36,elizabethmiller@hotmail.com,Kyle Perry,M,rachelnelson,15,0.000613247
16,"987 Washington Plains Apt. 535
West Karenland, DC 16843",43,randy18@gmail.com,Regina Tucker,F,alicia95,16,0.000306283
17,"53561 Victoria Key
Philipland, CA 13712",43,vwashington@gmail.com,Russell Barr,M,moniqueortiz,17,0.000911669
18,"542 Fisher View Suite 889
Davidfort, AR 50630",43,mlewis@gmail.com,Brittney Horton,F,joneskurt,18,0.00028403
19,"12572 Haley Highway
North Cynthia, SD 23073",49,brownanthony@hotmail.com,Scott Washington,M,nicholaswilkins,19,0.002869397
20,"83285 Gregory Curve Apt. 681
Danielview, IN 26452",45,gonzalezlisa@hotmail.com,Carlos Walters,M,boydjoshua,20,0.000269818
21,"93316 Schmidt Divide Apt. 451
North Victor, AK 54214",51,amber18@yahoo.com,Chad Baker,M,erinarmstrong,21,0.002988276
22,"21039 Tanner Plaza
Robertberg, IA 11382",49,laurascott@gmail.com,Dr. Kevin Santos,M,yhenry,22,0.001263739
23,"6713 Green Landing
North Patrickfurt, WI 30130",50,nichole78@yahoo.com,Christopher Edwards,M,james92,23,1.54E-05
24,"429 Randolph Plains
Jaimehaven, TX 87953",52,ugarcia@gmail.com,William Hall,M,jeffreyconner,24,0.004308725
25,"USNS Johnson
FPO AE 33122",54,hendersonguy@yahoo.com,Anthony Morrow,M,apalmer,25,0.004089735
26,"108 Leah Spring Apt. 463
Tiffanyside, GA 99917",53,fmason@gmail.com,Whitney Walker,F,rebeccaperez,26,0.000906211
27,"PSC 5659, Box 1653
APO AA 08238",40,christinagallagher@gmail.com,Alexis Adams,F,roberto26,27,0.003714178
28,"49983 Scott Pass Suite 719
Mercadofurt, AR 72437",38,michelleromero@yahoo.com,Samuel Miller,M,youngroger,28,0.002785685
29,"55016 Tabitha Highway Apt. 437
Jimenezburgh, WV 08237",55,nscott@hotmail.com,Rachel Richardson,F,adean,29,0.00012333
30,"30808 Shelly Neck Apt. 566
Christinaport, WA 32515",45,carlroberts@gmail.com,Robin Davis,F,jasongillespie,30,0.000506702
31,"5826 Aguilar Rapids
New Jeremy, WV 65566",50,robertmccoy@hotmail.com,Richard Novak,M,dennis66,31,0.000872568
32,"176 Fitzgerald Plains
Paulatown, HI 98884",54,mathewsstacy@yahoo.com,Adam Burnett,M,rbell,32,0.000992403
33,"88639 Cynthia Inlet
Lake Johnstad, IN 08466",45,ktran@hotmail.com,Savannah Sherman,F,haleysanchez,33,0.002606062
34,"2911 Green Glens Suite 758
Davidmouth, CO 38030",60,howard16@hotmail.com,Harry Hernandez,M,christinaherrera,34,0.001260312
35,"23136 Frank Dam
Phyllisbury, HI 02254",43,christopherbutler@yahoo.com,Amber Martinez,F,francisco21,35,0.006027355
36,"797 Christina Garden
Cookstad, DE 43237",55,mindy19@hotmail.com,David Leonard,M,brandon19,36,8.98E-05
37,"9418 Shawn Unions Suite 403
Joshuamouth, VA 21425",38,madisoncarey@gmail.com,Matthew Gibson,M,hjimenez,37,0.001314533
38,"Unit 3931 Box 5870
DPO AE 17437",48,carlbryant@hotmail.com,Sabrina Mason,F,kristyspears,38,0.000264865
39,"Unit 1789 Box 5079
DPO AP 22751",58,leebilly@hotmail.com,Rachel Barry,F,thomas98,39,0.000416404
40,"07424 Glass Corners
Alexanderport, OK 87125",38,graytyler@yahoo.com,Robert Castillo,M,michellesmith,40,0.008597785
41,"9788 Rowe Roads
Kruegerborough, AZ 53181",55,hthomas@gmail.com,Dennis Cummings,M,taylor81,41,0.000164542
42,"06569 Barrett Mission
Jefferyberg, VA 70071",40,barbara41@gmail.com,Jose Ruiz,M,helen95,42,0.001787224
43,"79674 Dixon Spurs Apt. 829
West Susanburgh, CT 04630",38,joanjohnson@gmail.com,Mark Mathis DDS,M,sue61,43,0.001468685
44,"69898 Carrie Forges Apt. 918
Port Ericaburgh, KY 23172",53,edurham@hotmail.com,Alex Smith,M,patrick04,44,0.000251924
45,"24145 Brady Stream
South Anneville, KS 82288",61,phelpsanne@yahoo.com,Chad Miller,M,karen21,45,0.003970156
46,"609 Castro Station
Cainfurt, FL 05682",42,laurarandolph@gmail.com,Miss Melissa Vazquez,F,finleymark,46,0.002976873
47,"85904 Danny Orchard
Lake Kirstenfurt, TN 24404",46,rhondaroberts@gmail.com,Richard Joseph,M,grodriguez,47,0.001506052
48,"556 Joseph Skyway Suite 396
Christinetown, GA 03426",46,christianalvarez@gmail.com,Javier Thompson,M,luis50,48,0.004198946
49,"4303 Cooke Square Apt. 991
Smithfurt, AR 05323",38,woodlinda@gmail.com,Carmen Morton,F,ismith,49,0.002662712
50,"07842 Armstrong Key Apt. 803
Tracyland, NH 53718",42,jonathanwebster@gmail.com,Valerie Velasquez,F,gibsonstephanie,50,0.002477796
51,"794 Anthony Hollow Suite 909
Rodriguezchester, MT 99186",51,josephvillanueva@gmail.com,Catherine Smith,F,alison78,51,2.45E-05
52,"6593 Emma Shores
South Ashleystad, MT 63997",49,dawn99@yahoo.com,Michael Lewis,M,jason34,52,0.000695277
53,"12921 Amanda Parkways Apt. 369
North Staceyfurt, AL 57616",45,ylittle@yahoo.com,Zachary Steele,M,benjamin32,53,0.000528082
54,"644 Danielle Inlet Suite 755
Moyerville, ID 74899",63,mperez@gmail.com,Melissa Willis,F,michaelramirez,54,0.001087597
55,"9930 Gary Manor
Martinezside, MO 87891",58,salazarjeff@hotmail.com,Sharon Bush,F,kcollins,55,0.000418432
56,"406 Butler Center
Morganfort, AL 01224",36,carlos21@gmail.com,Aaron Sims,M,darylcastillo,56,0.000435799
57,"620 Bryant Plain Suite 352
Lake Alexanderstad, NE 77619",53,brownkatherine@hotmail.com,David Cain,M,robinsontammy,57,0.001142569
58,"7590 Adam Street
South Anthony, MO 21676",50,erodriguez@gmail.com,Steven Franklin,M,dgreen,58,0.00121544
59,"69245 Thompson Gateway
Nathanmouth, CT 04227",51,wisegail@yahoo.com,Stephanie Moses,F,lroberson,59,0.004658131
60,"0735 Miller Shore
West Rose, VT 52228",54,baxterpamela@yahoo.com,Wendy Briggs,F,keithbowman,60,0.000195513
61,"43656 Andrew Haven
New Jenniferborough, SC 39350",54,alejandro78@gmail.com,Joann Perkins,F,lhernandez,61,0.000253342
62,"2260 Wise Hills
Lake Victoria, CA 51278",36,kwalton@yahoo.com,John Davidson,M,smithcynthia,62,0.002620653
63,"06795 Briggs Viaduct Suite 263
New Marcusberg, ND 87538",59,imaldonado@hotmail.com,Jacqueline Schmitt,F,pfloyd,63,0.000933608
64,"PSC 4527, Box 6263
APO AE 27263",41,bmatthews@gmail.com,Amanda Watkins,F,james60,64,0.00159983
65,"372 Wood Stream
Garciaside, NV 77607",46,kevinschultz@yahoo.com,Jesse Robinson,M,danielle71,65,0.000774535
66,"9844 Horton Neck Suite 525
Lake Madisonmouth, AR 93373",50,wbowen@gmail.com,Kelsey Wong,F,christopher41,66,4.84E-05
67,"5157 Cindy Greens
New Stephanieton, PA 15911",50,judithbrown@gmail.com,Craig Moss,M,gsnyder,67,0.002481598
68,"236 Lynn Rapids
Port Kenneth, MD 07214",44,ryanconrad@hotmail.com,Michael Kelly,M,maria27,68,0.001079925
69,"308 Michelle Circles
Annafort, MD 02018",48,josephchapman@yahoo.com,Stephen Pena,M,christopherblake,69,0.001845502
70,"45007 Ramirez Plain
Crawfordview, MA 24872",39,charvey@yahoo.com,Logan Sanders,M,deanneal,70,0.000227362
71,"638 William Pike
Port Joseph, IN 57655",50,george83@hotmail.com,Brandon Wilson,M,wsmith,71,0.003874598
72,"277 Nicole River
Willisbury, IA 03503",38,hfigueroa@yahoo.com,Courtney Johnson,F,zramirez,72,0.000604472
73,"395 Gibson Parkway
Lake Joseph, NJ 91980",55,alvarezanthony@hotmail.com,Scott Sexton,M,vazquezdeanna,73,0.000684211
74,"280 Christensen Plains
Lake Robert, MD 55700",49,davisglen@gmail.com,Sheila Hawkins,F,guzmanmelissa,74,0.002200036
75,"147 Burke Circles
Pierceport, CO 22376",39,ortegasylvia@yahoo.com,Morgan Delgado,F,allendeborah,75,0.000640244
76,"4092 Dustin Lodge
Bradleymouth, VT 70216",51,teresa36@gmail.com,Rebecca Hubbard,F,tiffanyleonard,76,0.003142185
77,"USS Cooper
FPO AE 06150",45,stacyperez@hotmail.com,Jessica Christensen,F,calhounmelissa,77,0.000505582
78,"786 Mark Forges
Dennistown, DE 69750",51,james62@hotmail.com,Gabrielle Perez,F,vanessaherman,78,0.001374602
79,"4860 Jamie Plains
Mccormickmouth, HI 70399",38,richard59@hotmail.com,Sarah Figueroa,F,bporter,79,1.94E-05
80,"25774 Allen Alley Suite 066
Brownland, ME 58735",42,jasmin90@yahoo.com,Tony Lindsey,M,ryanharris,80,0.001589974
81,"165 William Hill
Lake Toddville, TN 42422",37,ozhang@hotmail.com,Curtis Benton,M,greg26,81,0.001369417
82,"6115 Brian Via
Erikaport, OH 57621",44,mgrant@hotmail.com,Mr. Adam Johnson MD,M,harmonlindsey,82,0.003192726
83,"762 Cook Ways Apt. 533
Johnathanport, WV 55717",39,chad23@hotmail.com,Kevin Robinson,M,fweaver,83,0.003322906
84,"365 Joseph Canyon Suite 626
Michaelport, MD 46629",45,paulkeller@gmail.com,Michael Crosby,M,shermanlinda,84,0.000291128
85,"PSC 0322, Box 3153
APO AE 84155",35,yorkrichard@gmail.com,Marissa Rubio,F,blanchardpaul,85,0.000230722
86,"PSC 8370, Box 1966
APO AA 06394",47,gary58@yahoo.com,Daniel Fernandez,M,wvance,86,4.23E-05
87,"Unit 4004 Box 3630
DPO AA 65854",53,patrick76@hotmail.com,Lisa Wilson,F,sperry,87,0.004130642
88,"64492 Hunter Crossroad Suite 912
North Benjaminmouth, IL 08801",56,belldaniel@hotmail.com,Bryan Moreno,M,iharris,88,0.000195672
89,"837 Adams Lakes Suite 491
East Kylehaven, CA 13821",45,mariasmith@yahoo.com,Logan Snyder,M,ndean,89,0.001642859
90,"743 Jackson Freeway
Ronaldview, PA 67206",52,prusso@gmail.com,Kimberly Parrish,F,gbush,90,0.000772325
91,"25537 Wilson Haven Apt. 001
Diazfurt, TX 93123",54,michaelramsey@hotmail.com,Mrs. Amber Brown,F,lcarter,91,0.004701554
92,"2060 Martin Stravenue Apt. 435
Port Pennybury, WV 48966",46,emilyblack@gmail.com,Helen James,F,coreyperkins,92,0.000517407
93,"1704 Brandy Shore Apt. 641
Josephmouth, NH 50021",42,wstanley@hotmail.com,Christopher Huynh,M,solisbrian,93,0.000714614
94,"USNV Morrow
FPO AE 80573",49,stevenbrooks@gmail.com,Nathan Marshall,M,ccooper,94,0.000640971
95,"8124 Brian Loaf Apt. 651
West Eileenhaven, TX 31239",55,jose29@yahoo.com,Cathy Gordon,F,cmelendez,95,0.001572276
96,"63705 Flores Stravenue
Port Carlos, VT 23997",49,kelli78@hotmail.com,Cynthia Smith,F,jaime52,96,0.000937331
97,"42416 Rangel Station
Davidland, MN 08831",43,madisonbender@gmail.com,April Ward,F,robert78,97,0.002113077
98,"518 Ruth Bridge Suite 013
West Andrew, TN 11360",46,lopezangel@hotmail.com,Mr. Derek Benjamin,M,marcuspeters,98,0.000674688
99,"553 Tracy Drives Suite 206
Markland, NE 73328",42,janetgamble@gmail.com,Shannon Martinez,M,katelynwhite,99,0.000647997
100,"43399 Flores Run Apt. 486
Mullinsmouth, IL 58980",41,andreaestes@yahoo.com,Mrs. Heidi Cruz,F,oholland,100,0.002207174
101,"6642 Huang Harbors
Lopezview, WI 13182",37,samantha79@gmail.com,Todd Jones,M,wayneburgess,101,0.000522007
102,"USNV Wood
FPO AP 10432",53,debrajimenez@hotmail.com,Theresa Thompson,F,victoriadavis,102,0.003325012
103,"Unit 0745 Box 9241
DPO AP 58491",49,christinaevans@gmail.com,Angie White,F,julie23,103,0.000690285
104,"9747 Martinez Meadow Suite 109
Lake Robert, CT 22887",31,markhunter@hotmail.com,Jonathan King,M,melanierichardson,104,0.00279032
105,"2787 Kennedy Mountains Apt. 040
North Brian, NY 02191",56,kochdenise@yahoo.com,David Jones,M,burkekevin,105,0.001171468
106,"6444 Dawn Crossroad Apt. 279
East Garyville, DE 56881",35,anaarcher@hotmail.com,Steven Flores,M,fitzpatrickadam,106,0.001236415
107,"57423 Melissa Crossroad
Hardyport, SD 09279",37,amber76@gmail.com,Debbie Rivera,F,hernandezdaniel,107,0.001432498
108,"52055 Raymond Parkways
East Ruthhaven, DE 65568",52,adam01@gmail.com,Daniel Schneider,M,karinacannon,108,0.000396719
109,"87647 Jonathan Overpass Suite 201
Lake Reneeport, DC 02673",55,ugriffith@gmail.com,James Callahan,M,cindysmith,109,0.000677715
110,"58959 Brown Flats
Whiteside, OK 81092",53,irwintracy@gmail.com,Travis Gibbs,M,brandttara,110,0.00220572
111,"02298 Wagner Mill
Heidimouth, NV 58856",57,susancunningham@yahoo.com,Gavin Gonzales,M,jessica65,111,5.29E-06
112,"2222 Thompson Fort Suite 496
Port Dennis, IN 89475",52,petersaimee@yahoo.com,Darlene Green,F,morrisonkendra,112,0.000841702
113,"537 Reed Route Suite 837
Thompsonstad, AL 18753",52,sarahmiller@gmail.com,Thomas Allen,M,tarabowen,113,0.000545471
114,"262 Sonya Oval
Vasquezmouth, VT 97023",33,iortiz@hotmail.com,Erin Hill,F,jerry77,114,0.00241693
115,"38701 Lawrence Lodge
Lake Ashley, OR 52660",46,christian74@yahoo.com,Edward Hoover,M,hbernard,115,0.000918409
116,"460 Nicolas Highway
West Gregory, AK 79399",52,william99@yahoo.com,Sabrina Parker,F,melinda49,116,0.003117495
117,"93714 Lisa Lodge Apt. 361
South Christopher, MI 50786",50,aaronmartinez@gmail.com,Nancy Mcgrath,F,ple,117,0.002358805
118,"4040 Anderson Heights
Victoriaburgh, MS 64898",45,joe03@gmail.com,Nina Burns,F,youngmichael,118,0.001053929
119,"8264 Mccullough Common
Lake Anthony, MI 02927",50,mbailey@yahoo.com,Adam Hughes,M,jwolf,119,0.002355764
120,"USNS Spears
FPO AA 82609",56,timothygeorge@gmail.com,Jessica Campbell,F,baileydanny,120,0.001456114
121,"74635 Wood Crossroad
Port Melinda, KY 58728",39,kthompson@hotmail.com,Lynn Martinez,F,agibson,121,0.000256646
122,"USCGC Ramirez
FPO AA 46687",42,michaelellison@hotmail.com,Victoria Mcdonald,F,grhodes,122,0.000184391
123,"1907 Banks Views
Lake Scotthaven, ID 41067",49,sespinoza@gmail.com,Stephen Garcia,M,jimmy94,123,0.002738785
124,"PSC 4742, Box 1138
APO AE 83744",42,curtisstephens@gmail.com,Christopher Jones,M,jasonwaters,124,0.000139172
125,"498 John Tunnel Suite 058
Johnberg, NE 65737",25,neiljohnston@gmail.com,Charles Tyler MD,M,rjacobs,125,0.000338325
126,"440 Davenport Estate Suite 510
Crystalland, KS 53027",51,kent69@hotmail.com,Patricia Hanson,F,dmclean,126,0.003186138
127,"PSC 7274, Box 8725
APO AP 07308",42,uthomas@hotmail.com,Matthew Griffin,M,megan95,127,0.00215204
128,"5678 Rodriguez Grove
Jorgemouth, TN 62535",44,sherry61@gmail.com,Cindy Garcia,F,alexander74,128,0.000672975
129,"85567 Scott Passage
Webbshire, CO 03327",44,stacy47@hotmail.com,Kevin Riggs,M,lucaslisa,129,0.000932466
130,"92444 Smith Ramp Apt. 635
North Brandi, DC 06545",40,timothyserrano@hotmail.com,Sharon Lutz,F,turnereugene,130,0.001671345
131,"627 Jake Track Apt. 358
Jocelynland, MT 98785",42,vgarcia@hotmail.com,Susan Ramos,F,manuel57,131,0.00399586
132,"420 James Inlet
Krystalfort, OH 85059",38,johnboyer@yahoo.com,Steven Ayala,M,wilsonnicole,132,0.001044421
133,"94535 Aaron Pike
Velasquezmouth, MO 06865",51,williamwright@yahoo.com,Michael West,M,sylviahamilton,133,0.003307622
134,"396 Sarah Locks Apt. 581
Jasonstad, NJ 39546",47,janice94@hotmail.com,Russell Barrett,M,patrick76,134,0.000357082
135,"113 Gerald Street Suite 606
Meltonstad, RI 70650",51,debbie23@yahoo.com,Henry Sanders,M,laurie51,135,0.000180794
136,"668 Bishop Station
South Shaneborough, CA 60579",53,tiffanyrangel@hotmail.com,Yvette Fields,F,rodriguezmichelle,136,0.000245469
137,"3083 Jones Glen
North Robertview, IA 75594",39,zherman@gmail.com,Kyle Brooks,M,tonyasantos,137,0.001014613
138,"93863 Katelyn Springs Suite 980
East Michele, WA 26581",57,swansonjoseph@gmail.com,Monique Taylor,F,brivera,138,0.000958903
139,"71992 Rodriguez Valleys
Port Patrickshire, ME 08277",51,fmiller@hotmail.com,Sharon Hines,F,taylorrobin,139,0.001117607
140,"436 Harrell Street Suite 032
Fosterhaven, RI 10039",42,donnarodriguez@hotmail.com,Marcus Lang,M,bruce12,140,0.000352835
141,"41657 Terrence Plains
Barbaraport, WV 09739",43,mjackson@hotmail.com,Candice Mills,F,ericmartinez,141,0.00160693
142,"88842 Valerie Throughway Apt. 870
Wesleystad, LA 44291",55,dhenderson@hotmail.com,Stephanie Smith,F,curtiskelly,142,0.000344221
143,"821 Ray Rue
East Stephanieland, OK 05690",45,qtaylor@gmail.com,Timothy Butler,M,phillipsdouglas,143,0.000992057
144,"888 Sue Field Suite 392
Lake Latasha, AK 71717",48,paul26@hotmail.com,James Johnson,M,bfisher,144,0.005451276
145,"USNS White
FPO AE 50252",53,tracyturner@hotmail.com,Henry Phillips,M,olivia53,145,0.000461195
146,"74215 Perry Square Apt. 811
South Helen, MT 89011",32,xcopeland@gmail.com,Mr. Thomas Murray,M,katherine92,146,0.003699562
147,"93481 Kenneth Village
Charlesland, SD 87109",46,travis15@yahoo.com,Karen Owens,F,lindseyhall,147,0.003801396
148,"Unit 2074 Box 8634
DPO AP 85520",53,benjamin47@gmail.com,Marie Edwards,F,nicolegarza,148,0.000716123
149,"65122 Lucas Mountain Apt. 768
Christinetown, NV 70282",61,qdavis@hotmail.com,Elizabeth Hamilton,F,calhounsarah,149,0.002701465
150,"1672 Ford Trail Apt. 902
Davidbury, NH 59854",43,anthonygreen@gmail.com,Carl Brooks,M,gentrydavid,150,0.001194938
151,"582 Natalie Knolls Apt. 296
West Isabella, AK 39448",43,evansgeorge@yahoo.com,Christopher Mayer,M,natalieanderson,151,0.000492184
152,"1942 Maurice Creek
Kellymouth, WI 76832",39,mariazamora@yahoo.com,Dustin Hall,M,fgraham,152,0.000998476
153,"3672 Samuel Locks Apt. 714
West Courtney, SC 93651",43,jenkinserik@hotmail.com,Joseph Mercer,M,hollandbradley,153,0.001871721
154,"4591 Thomas Highway
Toddfurt, ID 23427",35,richard13@gmail.com,Joshua Williams,M,rmorgan,154,0.00391067
155,"2970 Jones Roads
Michaelside, ID 57252",44,david22@hotmail.com,Tim Johnson,M,trujillosarah,155,0.001784517
156,"615 Gomez Bypass Suite 766
New Glennshire, TN 69078",51,bellamy@yahoo.com,Paul Boyd,M,ballen,156,0.000896182
157,"0651 Collins Dam Apt. 829
Christopherberg, WY 33354",43,carlos20@gmail.com,Sarah Snow,F,choward,157,0.002049887
158,"0432 Kevin Parkways Suite 932
South Shawn, KY 26495",38,claytonmary@gmail.com,Teresa Hall,F,walkerjesse,158,0.001734942
159,"38247 Melissa Gateway
Jacquelinechester, IL 79605",49,colleenharrison@yahoo.com,Jeremy Jones,M,twillis,159,0.003442696
160,"345 Jacobson Stravenue
South Jamesside, NY 71866",38,jennifer06@hotmail.com,Matthew Sims,M,randyortega,160,0.001496341
161,"53478 Brian Ports Apt. 421
Brownfurt, NE 43105",49,briancunningham@gmail.com,Michael Maldonado,M,ramseyshirley,161,0.001505834
162,"951 Carrillo Route
West Elizabethville, MN 85631",58,kaylamckay@gmail.com,Troy Wolfe,M,tjohnson,162,0.003354241
163,"578 Hahn Extension
Sherriburgh, MS 59669",40,xhill@yahoo.com,Susan Espinoza,F,mason60,163,0.000220763
164,"8248 Golden Forge Apt. 952
Port Michaelhaven, MN 68484",51,samanthacoleman@hotmail.com,Alexis Macdonald,F,wilsonalexander,164,0.001970693
165,"631 Brewer Stream Suite 721
North Joshuatown, LA 48010",50,imorris@yahoo.com,Kayla Figueroa,F,brooksdavid,165,0.000852228
166,"Unit 7957 Box 4746
DPO AE 72166",57,rbryant@hotmail.com,Tammy Wong,F,wle,166,0.00207499
167,"42732 Joseph Stream Apt. 121
Peggymouth, WA 22245",54,cynthia77@hotmail.com,Kenneth Foster,M,ian08,167,0.003124301
168,"4936 Thomas Estates
South Samantha, OH 72632",36,michaelcooper@hotmail.com,Robert Reese,M,smithnatalie,168,0.000156306
169,"PSC 7883, Box 5287
APO AE 45618",50,huntcarla@yahoo.com,Sabrina Vasquez,F,thess,169,0.001088587
170,"PSC 1602, Box 5266
APO AA 62137",66,amy24@gmail.com,John Black,M,uhart,170,0.002595111
171,"481 Brad Inlet Apt. 572
Huertaside, ME 26818",43,sharonhicks@gmail.com,Connor Henderson,M,sarahfoster,171,0.001699121
172,"6821 Crawford Mountains Suite 789
North Samanthafort, NJ 28321",44,jeremy92@yahoo.com,Michelle Perez,F,stephanie09,172,5.26E-05
173,"09627 Powers Street Apt. 922
New Katherine, ID 22614",55,laurenroman@yahoo.com,Brian Joseph,M,caitlinwheeler,173,0.000729019
174,"2776 Crawford Forks Suite 693
Fullerville, CT 78308",46,jeffrey73@yahoo.com,Logan Mitchell,M,williamcastro,174,7.62E-05
175,"98257 Linda Mountain
Jamesberg, OK 23214",41,zbanks@yahoo.com,Jason Richards,M,morrisandrew,175,0.000493998
176,"7444 Roberts Stravenue
Bradleystad, GA 60278",46,jennifer02@hotmail.com,Elizabeth Burton,F,meltonwalter,176,0.000431031
177,"6854 Morgan Forks
Lake Robin, SC 40159",37,gabriel64@gmail.com,Jennifer Murphy,F,smithgregory,177,0.00054602
178,"Unit 3104 Box 2791
DPO AE 54198",59,rachelmoon@gmail.com,Brian Calhoun,M,thompsonjacob,178,0.001228366
179,"5758 Christopher Rapids
West Carolynfurt, NE 61164",47,amarsh@yahoo.com,Thomas Ross,M,vwood,179,0.000483102
180,"749 Jones Plains Apt. 093
Amyborough, ME 99157",44,bradleyphillips@hotmail.com,Jason Lynch,M,matthewnewman,180,6.32E-06
181,"84962 Shane Court
West Andrewville, AL 47158",46,hobbsjames@yahoo.com,Don Ramirez,M,garciajustin,181,0.000978882
182,"USS Hernandez
FPO AP 17663",44,serranoeileen@gmail.com,Bryan Arellano,M,john81,182,0.001471904
183,"8040 Samuel Cliffs
Port Nicholashaven, WY 47902",39,bwilliams@hotmail.com,Susan Ortega,F,jessica90,183,0.000151797
184,"415 Weaver Cliffs Suite 987
Wardtown, SC 11503",53,pwhite@yahoo.com,Christopher Ware MD,M,jacobshaw,184,0.00077151
185,"156 Moore Summit
Matthewton, WY 12864",43,coreyatkinson@yahoo.com,Timothy Gomez,M,robinsonjason,185,0.001316897
186,"96454 Kyle Parks
West Leetown, NC 36163",36,ggreen@yahoo.com,Danielle Thomas,F,samuel56,186,0.000703413
187,"817 Dylan Burgs Apt. 739
New Phillip, TX 61459",55,laura29@gmail.com,Tracy Berry,F,ibarraashley,187,0.000131938
188,"67008 Scott Drives Suite 567
Danielleberg, VA 47517",52,taylorbradley@gmail.com,Steven Guzman,M,mrhodes,188,0.000874053
189,"4655 Angela Greens Suite 487
New Davidmouth, PA 73694",36,matthew30@hotmail.com,Rodney Thomas,M,cowankimberly,189,2.32E-06
190,"3507 Tonya Neck
Bakerburgh, NY 20234",33,floresclaire@hotmail.com,Karen Kemp,F,mbuck,190,0.00134069
191,"Unit 6657 Box 7888
DPO AP 61241",38,betty05@yahoo.com,Donna Gardner,F,josephlittle,191,0.000914098
192,"445 Strong Pines
West Marcusmouth, SC 20546",34,jameslee@gmail.com,Rebecca Martin,F,briananderson,192,0.000207752
193,"9571 Marc Plains
New Adamport, MS 55254",42,chall@yahoo.com,Jennifer Pratt,F,tracybolton,193,0.000531652
194,"21294 Scott Way
Kennedyburgh, WA 79044",51,robertlane@yahoo.com,Heather Graves,F,bduran,194,0.001001214
195,"85152 Kerr Mount Apt. 098
Amandastad, VT 95752",53,daviscassandra@gmail.com,Laura Ferguson,F,ricekayla,195,0.003059582
196,"920 Key Lights Suite 414
North Marymouth, WA 02268",53,davidperez@gmail.com,James Garcia,M,melanie44,196,0.004018149
197,"981 Jasmine Haven Suite 276
Port Amanda, SC 82190",48,qpineda@gmail.com,Charles Green,M,lopezjesus,197,0.00044267
198,"342 Ramos Mountain
Port Shellyland, MA 07866",47,alicia39@hotmail.com,Lisa Brown,F,nathanayala,198,0.000516027
199,"38349 Michael Pike
Lake Norman, ME 37524",41,ana69@yahoo.com,Shawn Baker,M,carlamiller,199,0.001808541
200,"258 Daniel Drive
Dennisland, AK 25627",46,randyhoffman@hotmail.com,Mark Sawyer,M,kyle70,200,4.85E-05
201,"98917 Lopez Expressway
Nguyentown, DC 37736",49,ashley03@hotmail.com,Gabrielle Lynn,F,jamesdouglas,201,0.000860468
202,"021 Victoria Camp Apt. 094
New Troy, NM 97048",33,zturner@yahoo.com,Tim Andrews,M,brendagibson,202,2.89E-05
203,"789 Joanna Ranch Apt. 498
Greenburgh, SD 48135",37,jimmy66@hotmail.com,Jennifer Gibson,F,reedjohn,203,0.001369351
204,"1943 Horne Forge
Vaughanmouth, DC 95990",31,masseyeddie@gmail.com,Caleb Carter,M,jpeterson,204,0.002017762
205,"77786 Susan Points Suite 660
Hensonfurt, OK 27506",50,george85@gmail.com,Hannah Morales,F,anna78,205,0.001003619
206,"43513 Mack Mall
Wandaside, MS 15762",42,simpsonian@gmail.com,Jeffrey Cole,M,corey97,206,0.00413582
207,"USNS Singh
FPO AA 84843",40,zcarter@yahoo.com,Eric Potts,M,theresadalton,207,0.001106392
208,"664 Murphy Grove Suite 706
South Kaylee, RI 49616",45,donald28@gmail.com,David Watkins,M,catherine99,208,5.04E-05
209,"700 Kristi Extensions Apt. 578
West Natalieburgh, HI 82132",52,stevenscynthia@gmail.com,Shelby Novak,F,gonzalesamanda,209,0.001844708
210,"135 Clark Lodge
Stevensonshire, RI 32708",48,lloydcory@yahoo.com,Meghan Kennedy,F,brianroberts,210,0.001529261
211,"18637 Weaver Villages Suite 231
Tonyshire, RI 35220",51,vhaas@yahoo.com,Julie Dunn,F,harrisjennifer,211,0.005108517
212,"4328 Jon Grove
West Maryland, RI 26098",49,savannah36@gmail.com,Gloria Ross,F,watkinsmeredith,212,3.82E-05
213,"7878 Williams Fall
South Robert, KY 98623",46,amber41@yahoo.com,James Bowen,M,gallagherdaniel,213,0.000530161
214,"477 Henry Locks Apt. 222
West Melissa, NH 99189",47,ghall@hotmail.com,Sara Mahoney,F,lanerichard,214,0.001313399
215,"258 Joshua Hollow
Lake Adrian, WV 98919",46,michaelwaters@yahoo.com,Charles Nichols,M,hughessusan,215,0.001538953
216,"759 Samuel Estates Suite 963
Juliemouth, RI 13120",65,xbrown@yahoo.com,Jose Ramirez,M,jeremybenton,216,0.002871509
217,"75729 Mario Village Apt. 369
Wongmouth, SD 08637",41,dennis24@hotmail.com,Russell Torres,M,dcruz,217,0.007374633
218,"4294 Roberson Mission
South Veronicafurt, MA 14641",53,michaelschaefer@yahoo.com,Roger Nelson DDS,M,tonyaross,218,0.002452516
219,"3699 Gabriel Coves
Patrickshire, AK 63076",53,ysmith@yahoo.com,Michael Johnston,M,mark95,219,0.000448675
220,"88286 Green Summit
Lake Melissaside, VA 74145",46,graycandace@gmail.com,David Harmon,M,lisalloyd,220,0.000312523
221,"037 Bennett Ways Apt. 689
South Moniqueborough, VT 46208",41,charlenebutler@hotmail.com,Matthew Kim,M,antoniocrosby,221,0.000952869
222,"362 Jennifer Views
West Thomas, MD 93210",47,watsonbrad@hotmail.com,Ryan Fisher,M,candrade,222,0.000447205
223,"828 Flores Run
Johnsonshire, MI 64336",51,leonardstephanie@hotmail.com,Michael Morgan,M,abigail85,223,0.004372006
224,"PSC 9017, Box 7116
APO AP 97825",60,andrea02@gmail.com,Julie Walker,F,ugonzalez,224,0.005780071
225,"856 Meyer Loop Apt. 523
Gabrielahaven, FL 73267",42,randolphwesley@gmail.com,Sierra Aguilar,F,hillnicole,225,0.000221165
226,"124 Lisa Valley Suite 669
Jenkinston, NC 99565",57,walkershannon@hotmail.com,Tara Smith,F,margaret50,226,0.000401085
227,"9110 Rodriguez Valley
Watersview, IA 28645",42,ericksonmatthew@gmail.com,Benjamin Gonzalez PhD,M,melissa89,227,0.002070643
228,"94031 Brenda Orchard Apt. 490
North Anthony, WY 67995",54,michael44@yahoo.com,Sharon Norris,F,macdonaldcraig,228,0.001023285
229,"USNV Wilson
FPO AA 09380",49,antonio18@gmail.com,Christian Tyler,M,reneenelson,229,0.001141179
230,"Unit 5231 Box 4838
DPO AP 41604",62,eric02@yahoo.com,Timothy Washington,M,elizabeth62,230,0.001692154
231,"302 Mann Rue Apt. 515
Bullockside, MA 77177",50,jhebert@gmail.com,Margaret Campbell,F,sharonjohnson,231,0.000885297
232,"8632 Calhoun Prairie Suite 990
Serranoville, NV 72545",44,ijones@gmail.com,Tiffany Griffin,F,amyreynolds,232,0.001453483
233,"51734 Young Flat
Lake Charles, WV 58880",53,valerie98@hotmail.com,Chelsea Hall,F,perkinsjohn,233,0.00563796
234,"Unit 1988 Box 2388
DPO AP 79828",52,arnoldjames@yahoo.com,Stacie Randall DVM,F,hillashley,234,0.000578737
235,"54207 Page Mill
Jonathanstad, AZ 74410",42,nathanweaver@hotmail.com,Yvonne Wilkerson,F,abryant,235,0.000433924
236,"39467 Davis Trail Apt. 174
South Josephside, TN 93358",45,thomas51@gmail.com,Destiny Parker,F,cmcbride,236,0.000183749
237,"565 Everett Extensions
Smithfort, VA 89855",50,wstewart@yahoo.com,Jacqueline Porter,F,uwebb,237,0.002733599
238,"531 Sarah Locks
Whitefurt, PA 67852",33,jesuscole@hotmail.com,Gabriel Boyle,M,kellymatthew,238,0.000806282
239,"5612 Chavez Avenue
New Brandon, MN 28295",40,curtisjohnson@gmail.com,Hunter Ramos,M,leonarddawn,239,0.000682059
240,"926 James Square
Lake Melissa, IA 59463",57,cainwendy@hotmail.com,Stephanie Davis,F,efowler,240,0.001171406
241,"6472 Katherine Village
Port Sandy, GA 55267",32,gonzalezbilly@gmail.com,Evelyn Patterson,F,william81,241,0.001093253
242,"013 Sawyer Dam Apt. 832
Lake Jasonland, NC 98856",39,ricebryan@yahoo.com,Joshua Wells,M,brittany28,242,0.004303961
243,"4868 Joanna Passage
South Michael, MT 31779",40,hoffmanleslie@hotmail.com,Lauren Macias,F,hernandezbrent,243,0.00084461
244,"2842 Rivers Roads Apt. 572
New Chelsea, SC 52124",47,wilsondorothy@yahoo.com,Benjamin Williams,M,btaylor,244,0.000416151
245,"88862 Jesse Neck Suite 487
Laurenburgh, MT 96320",42,ilittle@gmail.com,Nathan Bryan,M,chenchristopher,245,0.002161313
246,"9951 Hernandez Parks Suite 544
Lake Matthew, FL 21000",55,mhester@gmail.com,Kaitlyn Flowers,F,lisa44,246,6.34E-05
247,"845 Hardin Mountain
South Patrick, LA 21567",31,kevinbrown@yahoo.com,Jasmine Taylor,F,gonzaleztravis,247,0.000452578
248,"940 Sarah Haven Apt. 888
Theresaborough, GA 97411",47,jessicacooper@yahoo.com,Richard Wilson,M,marylewis,248,0.002656879
249,"46741 Sullivan Mountains
West Brendatown, MN 11192",30,rpowell@yahoo.com,Leroy Conley,M,karen36,249,0.001677974
250,"2206 Thomas Lakes Suite 134
Taraside, VA 01248",41,michael94@gmail.com,Donald Scott,M,logan90,250,0.001243929
251,"3363 Travis Manor Apt. 513
Destinyberg, WI 32023",32,leeemma@yahoo.com,Benjamin Zimmerman,M,simpsonjeffrey,251,0.000281923
252,"552 Janice Drives Suite 455
Blevinsburgh, WI 02146",39,caleb41@gmail.com,Carlos Escobar,M,riossteven,252,0.000226714
253,"500 Bennett Hills Suite 140
New Catherineland, IN 64129",46,popelogan@hotmail.com,Dennis David,M,philippatel,253,0.002213176
254,"7915 Schroeder Via Apt. 212
West Keith, GA 72281",53,greenmichael@yahoo.com,Andre Rose,M,mroman,254,0.000717163
255,"456 Smith Isle
New Ashleytown, LA 83095",51,kwatson@yahoo.com,Bailey Flynn,F,howard66,255,0.000384401
256,"6178 Chad Walk Apt. 794
Wagnermouth, MS 61184",40,dylanbowman@yahoo.com,Martin Wilson,M,hking,256,6.63E-05
257,"4741 Jones Manors Suite 913
Lynchton, MA 14174",48,wilcoxjeffery@hotmail.com,Jennifer Huynh,F,rossluis,257,0.000984579
258,"34773 Andrew Crescent Suite 677
Matthewchester, FL 36147",43,elainefarley@gmail.com,Tammy Hunt,F,alexiswilliams,258,0.001988024
259,"6276 Howard Grove Apt. 385
Michelefort, DE 15846",49,megan32@hotmail.com,Tony Porter,M,davidperry,259,0.000171131
260,"PSC 4055, Box 1191
APO AA 83385",57,tommythompson@yahoo.com,Laurie Wallace,F,bernardtaylor,260,0.001037548
261,"4709 Mary Mission Suite 932
South Loretta, UT 38141",45,heather31@gmail.com,Luke Rogers,M,dtorres,261,0.000567294
262,"PSC 4592, Box 9888
APO AP 37256",53,tammymorris@gmail.com,Hailey Hall,F,david39,262,0.000170239
263,"43095 Brittany Club
Jacquelineport, LA 50959",40,burnssusan@gmail.com,Anthony Farrell,M,daniel26,263,0.000883392
264,"USNV Washington
FPO AA 70131",50,williamsdebra@gmail.com,John Sanchez,M,qwalls,264,4.53E-05
265,"52861 Johnson Junctions Suite 079
Lake Ann, OH 10258",42,vanderson@gmail.com,Brian Nolan,M,hayeschelsea,265,0.001997224
266,"057 Michele Keys Suite 705
Lake Gregory, MS 75260",55,simsmichael@hotmail.com,Jamie Thompson,F,jturner,266,0.002126509
267,"992 Jefferson Harbor
New Brianview, SD 17040",49,yanderson@gmail.com,Katherine Ward,F,garciagary,267,0.002948047
268,"Unit 2044 Box 5598
DPO AP 24452",42,michael95@hotmail.com,Lorraine Olsen,F,taylorshawn,268,0.00122175
269,"6872 Anthony Knoll
Lake Chelsea, GA 06592",40,jessicarodriguez@yahoo.com,David Perkins,M,katherinemoses,269,0.002480679
270,"551 Thomas Flats
Port Pamelaburgh, AR 63931",49,lisakennedy@yahoo.com,Todd Phillips,M,christopher99,270,0.001280203
271,"893 Michelle Point
Robertsland, CO 14500",49,michellemiller@hotmail.com,Samuel Franco,M,hernandezjesse,271,0.001345347
272,"4134 Hector Key
Sarahtown, MO 55983",26,jacoblong@yahoo.com,Glenn Ross,M,robingarcia,272,0.004760987
273,"925 Tran Loaf
New Michelle, UT 04518",38,lwest@yahoo.com,Kelly Kramer,F,kimberlyramos,273,0.002244841
274,"206 Conley Port
Lake Richard, AL 67680",34,vincent91@hotmail.com,Shelley Eaton,F,ujones,274,0.002090883
275,"3416 Clark Glen
East Marilyn, IL 99019",39,tinatrujillo@hotmail.com,Jason Harris,M,lanceschwartz,275,0.005512401
276,"494 Steven Parkway
North Oscar, NY 61931",54,dthomas@yahoo.com,Sarah Conley,F,ericfrancis,276,0.000266646
277,"71708 Zimmerman Plains
Josephton, OK 05820",46,douglas62@hotmail.com,Nathan Diaz,M,isandoval,277,0.00016858
278,"0859 Madeline Forges
East Johnborough, ND 93511",38,tray@gmail.com,Dr. Keith Sullivan,M,masonthomas,278,0.003700678
279,"1381 Smith Ridge
Fishermouth, DE 84688",50,contrerasmary@gmail.com,Gary Anderson,M,hpruitt,279,0.000918789
280,"8391 Cole Rest
New Zoeview, TN 03786",37,xholland@yahoo.com,Jeffrey Mitchell,M,zharris,280,0.001574775
281,"661 Michelle Village Apt. 380
North Katelyn, MA 54484",43,dyermaria@gmail.com,Robert Vasquez,M,heathergomez,281,0.001296209
282,"7713 Williamson Throughway
Port Christine, NM 02813",57,fmoyer@gmail.com,Mikayla Johnson,F,asanchez,282,0.000520119
283,"611 Rebecca Union
East Julieborough, KY 49729",46,williamjohnson@gmail.com,Doris Rasmussen,F,kingcrystal,283,0.000238317
284,"6992 Rachel Shore Apt. 342
Port Darren, NM 70061",60,sharon15@hotmail.com,Amy Lane,F,kbarnes,284,0.000523
285,"3981 Carrie Glen
East John, MN 08618",41,loricox@gmail.com,Debra Mcneil,F,christopherbright,285,0.001735134
286,"3434 Johnson Island Suite 433
West Billybury, LA 59596",54,jeffreyjacobs@yahoo.com,Olivia Newman,F,kthornton,286,0.000299388
287,"28023 Henry Center
East David, CT 93801",40,johnsoncharlotte@hotmail.com,Lisa Jones,F,eric20,287,0.000109395
288,"838 Amanda Rapid
South Dariusmouth, FL 08704",53,dennispena@hotmail.com,Scott Garcia,M,kathleenphillips,288,0.000767106
289,"1992 Berry Trail
West Lisa, MD 93031",43,jeffrey32@yahoo.com,Julie Kelly,F,butleramanda,289,0.004560345
290,"63808 Rhodes Summit
Lake Emilyburgh, MT 40732",48,jonesamanda@gmail.com,Jordan Rodriguez,M,sarahart,290,0.000209376
291,"026 Jordan Route Suite 918
Brandonburgh, IL 75868",39,brian45@gmail.com,Teresa Logan,F,melissa22,291,0.001187397
292,"574 Smith Falls
Porterhaven, CO 99464",45,rodrigueztiffany@yahoo.com,Rodney Miller,M,shirley69,292,0.000896646
293,"1574 Derrick Cove
Clineville, MD 09976",47,kenneth22@yahoo.com,Andrea Wilson,F,zjohnson,293,6.00E-05
294,"990 Kristin Unions
East Deborahland, KS 68124",45,jameschris@hotmail.com,Lance Smith,M,howardthompson,294,0.000964259
295,"56168 David Plaza
Richmondfurt, CT 54840",46,hvega@hotmail.com,David Lopez,M,lesliepittman,295,5.59E-08
296,"PSC 7553, Box 2580
APO AA 53004",56,watkinsdaniel@yahoo.com,Edwin Best,M,hfitzgerald,296,0.001677989
297,"71229 Daniel Ranch
Port Paulbury, MO 84679",53,nbenjamin@yahoo.com,Katherine Perry,F,pamelalong,297,4.03E-05
298,"82915 Tracy Walk
Lake Lynn, NJ 98453",44,gdean@yahoo.com,Stephanie Martinez,F,nicole86,298,0.002024685
299,"7775 Linda Hollow Suite 102
Brandonmouth, NJ 38514",40,elizabeth03@gmail.com,Mark Jordan,M,zyoung,299,0.003661321
300,"61527 John Haven
New Nicoleport, WI 67522",58,yrichard@gmail.com,Shannon Gonzalez,F,joshua70,300,0.001972127
301,"09284 Julia Shore
Kennethstad, IN 70342",38,bcisneros@gmail.com,Mary Young,F,christopher00,301,0.002317502
302,"7705 Hoffman Drive
East Eileenbury, NM 58950",53,ebutler@gmail.com,Alex Martin,M,amber37,302,0.001206908
303,"976 Johnson Garden Apt. 299
Lake Melissa, RI 04326",45,richard56@yahoo.com,Sean Johnson,M,ajames,303,0.001712008
304,"8972 Hammond Path
Merrittton, TX 15721",45,haleyweaver@yahoo.com,Jacqueline Downs,F,karen51,304,0.001140657
305,"050 Jacqueline Lights
Port Tamarafort, DE 74745",51,brocksamantha@yahoo.com,William Thomas,M,sjones,305,0.000402276
306,"5291 Dakota Freeway Suite 981
North Richardstad, LA 34227",47,cruztara@yahoo.com,Michelle Fitzgerald,F,mooreholly,306,0.00212496
307,"8881 Savage Villages
Cookborough, VA 32629",47,williamsdaryl@gmail.com,Heather Phelps,F,jonesdonna,307,0.00242806
308,"1972 Kelly Plaza Apt. 455
West Stephenborough, NJ 41557",47,brianrichardson@hotmail.com,Frank Hall,M,brandon68,308,0.000597132
309,"19039 Moore Knoll Suite 325
Harpertown, IA 35930",46,shawn12@yahoo.com,Wayne Gray,M,danajohnson,309,0.000992544
310,"0584 Matthew Union
Morganville, OR 90008",54,wallacejoshua@yahoo.com,Ryan Moreno,M,joshua31,310,0.000940177
311,"809 Mcdaniel Well
West Janet, NC 67581",41,nathan59@hotmail.com,Nicole Middleton,F,kevingonzalez,311,0.001837125
312,"178 Ramos Passage Suite 210
Michellechester, DC 25892",35,rangeldavid@yahoo.com,Eric Mccarty,M,kchurch,312,0.000640371
313,"84304 Morales Inlet
Port Trevor, MN 28573",44,eperez@hotmail.com,Tanya Butler,F,omiller,313,0.002093278
314,"407 Sherry Greens
East Scottmouth, RI 98353",56,shenry@hotmail.com,Derrick Gillespie,M,lquinn,314,0.000960518
315,"9829 Ian Extensions
Port Brian, AL 48064",38,dmurphy@yahoo.com,Sarah Day,F,conleyjessica,315,0.00018615
316,"2266 Wolfe Terrace Suite 987
West Josephhaven, ID 50924",47,syoung@gmail.com,Jeffery Jones,M,katrina33,316,0.003728527
317,"722 Christopher Extensions
Port Jillianburgh, MI 61219",40,morgangoodman@yahoo.com,Shane Smith,M,zellis,317,0.004206276
318,"150 Shelton Knolls Apt. 269
West Hollyland, TN 01555",40,gilbertkaitlyn@hotmail.com,Mary White,F,erinryan,318,0.005051034
319,"483 Lewis Springs
Port Karen, IL 04761",54,coopermatthew@gmail.com,Mark Dickson,M,mmercado,319,0.000259112
320,"593 Robert Village Apt. 311
North Karinachester, MO 99211",44,mark68@yahoo.com,Daniel Leon,M,cody93,320,0.001834506
321,"51434 Carl Keys
South Adrian, RI 56488",40,saundersbailey@hotmail.com,Rachel Rivera,F,danielbates,321,9.78E-05
322,"USCGC Carson
FPO AE 39796",50,nicholasbarber@hotmail.com,Tyler Perez,M,anthony92,322,0.0012393
323,"0991 Carl Garden
South Dustin, DE 11071",48,david53@hotmail.com,William Jones,M,justindowns,323,0.000387715
324,"6624 Dawson Bypass Apt. 433
Cooperton, HI 93050",47,james20@hotmail.com,Stephanie Mcdonald,F,apeterson,324,0.000375638
325,"USNV Shelton
FPO AP 33242",56,keithcoleman@yahoo.com,Lisa Sanders,F,ingramjoshua,325,8.89E-05
326,"33995 Danielle Extensions
Sarahshire, ME 06342",57,bfarrell@yahoo.com,Joshua Torres,M,phillipburke,326,0.000897674
327,"74245 Duane Cliffs Apt. 723
Katiechester, VT 20131",32,browndeborah@gmail.com,Sarah Gordon,F,jchung,327,0.001173275
328,"540 Mason Dale
Oneillview, SC 28488",44,dawnwheeler@yahoo.com,Melissa Ross,F,carrie01,328,0.000955073
329,"6502 Michael Trace
Wendyburgh, GA 85027",39,uweiss@hotmail.com,Tina Schwartz,F,wrightsonya,329,0.000755562
330,"164 Melanie Ridges Suite 972
North Victoria, ND 00612",48,garzaadrian@hotmail.com,Cynthia Hayes,F,katiegonzalez,330,0.002520202
331,"14833 Conner Rapid Apt. 879
Lorimouth, KS 96104",49,james45@gmail.com,Adrian Gonzalez,M,kadams,331,0.000150746
332,"Unit 9555 Box 1699
DPO AP 83509",49,ross26@gmail.com,Rachel Mccarthy,F,riverasarah,332,0.001592524
333,"756 Stewart Island
West Valerieport, TX 31150",46,natalie31@yahoo.com,Nicole Wilkerson,F,betty22,333,0.000260071
334,"9222 Rachel Route Suite 832
Port Monicahaven, OH 81914",45,cliffordalvarez@hotmail.com,Roger Rogers,M,lucerosummer,334,0.002488729
335,"65889 Valerie Road Apt. 517
Timothybury, NC 47800",52,destes@yahoo.com,Kayla Adams,F,jacob05,335,0.005640139
336,"83799 Smith Rapid
Hardyborough, ID 35420",54,ramirezjoseph@hotmail.com,Angela Mays,F,john83,336,0.000329438
337,"536 Combs Brooks Apt. 026
New Haley, MN 91833",47,kristamiles@hotmail.com,Matthew Caldwell,M,ibutler,337,0.00134725
338,"897 Perry Islands Suite 626
West Alexismouth, FL 84779",62,judypatton@hotmail.com,Nicolas Adams,M,gjackson,338,0.000123088
339,"521 Miller Junction
Lake Elizabeth, VT 61401",59,phelpsalice@yahoo.com,Rebekah Freeman MD,F,jennahayes,339,0.000338962
340,"Unit 8134 Box 3950
DPO AE 77979",40,ahuffman@hotmail.com,Luke Anderson,M,mcdowellsarah,340,0.002404684
341,"226 Stephen Trail
Davisland, VT 47098",35,hcollins@gmail.com,Ashley Garza,F,fwalsh,341,0.002208789
342,"USNS Gray
FPO AA 11946",43,zrivera@gmail.com,Angela Weeks,F,kimberlymcdowell,342,0.002262422
343,"9305 Terry Forges Apt. 357
Joshuashire, NY 70057",38,smithmaria@hotmail.com,Amy Miller DDS,F,halljonathon,343,0.001358056
344,"94368 Powell Ports Suite 545
Lake Douglas, MS 33672",50,timothythompson@gmail.com,Tracy Mcdonald,F,abigail37,344,0.001127699
345,"70240 Mcdowell Mountains Apt. 221
Lake Paul, PA 77578",49,agomez@yahoo.com,Dawn Foley,F,brownashley,345,0.000437555
346,"59984 Jaclyn Burgs Apt. 342
Lisaville, WI 21551",44,kristen48@gmail.com,Michael Williams,M,mark35,346,0.006092997
347,"6437 Nelson Spur
North Laura, DE 22545",54,ccollins@yahoo.com,Shelia Morgan,F,vickiandrews,347,0.005665701
348,"247 Regina Views Suite 386
Lake Johnborough, WY 23044",40,sabrina15@hotmail.com,Kristen Johnson,F,lhancock,348,0.002986704
349,"8695 Judy Avenue
Grantmouth, MT 75300",45,jenniferflores@yahoo.com,Ronald Cooper,M,dixonspencer,349,0.002986631
350,"57927 Kathy Branch
Port Kimberly, NJ 32761",47,phillipritter@gmail.com,Shane Perez,M,isaiah40,350,0.001135749
351,"408 Tracy Spring Suite 125
South Matthewfurt, CT 28445",55,dillonveronica@gmail.com,Megan Larsen,F,thomashaley,351,0.000304381
352,"9708 Gibson Street Suite 106
Frankchester, SC 36547",55,melanie55@hotmail.com,Tiffany Scott,F,lindafischer,352,0.000168123
353,"50178 Mckay Crescent
South Danny, ME 24841",62,dballard@yahoo.com,Erica Perkins,F,justin58,353,0.00077764
354,"6150 Flores Inlet
Drewville, SC 41492",45,mayereric@gmail.com,Victoria Blevins,F,raymondsmith,354,0.002373314
355,"79955 Baker Plaza
West Marissa, MI 05211",43,maryrodriguez@yahoo.com,Mr. Todd Nguyen,M,emilyspencer,355,0.00062346
356,"990 Thomas Groves Suite 844
Port Amyberg, KY 29335",44,gillbrandon@hotmail.com,Jason Reed,M,kathrynhartman,356,6.06E-05
357,"887 Conrad Land
West Nicole, WI 24969",54,jacqueline65@yahoo.com,Nichole Davis,F,bakerheather,357,0.002910108
358,"71760 Wendy Way Suite 458
Shermanside, VT 45255",43,mduran@gmail.com,Helen Watson,F,steven66,358,0.001344506
359,"92157 Seth Loaf Suite 268
Port Brentfurt, WV 20710",37,jessica28@gmail.com,Linda Kim,F,qdaniels,359,0.003726161
360,"82394 Goodwin Villages
Gonzalesborough, DC 09996",62,ryan56@gmail.com,Chad Lawrence,M,catherinecarroll,360,0.0005101
361,"3006 Scott Turnpike Suite 871
Zacharymouth, ID 03750",32,lho@hotmail.com,Bryan Davis,M,jenniferwright,361,0.000249879
362,"314 James Ports Apt. 806
Amyberg, ME 06317",53,amanda60@yahoo.com,Rachel Erickson,F,ialvarez,362,0.000268419
363,"2888 Sarah Forks
Port Wesleyview, VA 41182",41,dphillips@yahoo.com,Mary Sanders,F,jaredturner,363,0.000809804
364,"51673 Elizabeth Road Apt. 617
Mooreland, CO 32740",41,ashley20@yahoo.com,Sharon Harris,F,brian55,364,0.00078728
365,"789 Richard Terrace Suite 557
Kimmouth, HI 27808",52,kathleen75@yahoo.com,Keith Fernandez,M,stevenscott,365,0.001351427
366,"Unit 0514 Box 0104
DPO AE 69580",50,fred68@hotmail.com,Melissa Torres,F,wsandoval,366,0.001686527
367,"PSC 7627, Box 6225
APO AP 60733",44,rlee@hotmail.com,Charles Phillips,M,erinsmith,367,0.00721715
368,"8287 Morris Walk Suite 855
Carpenterberg, UT 28550",43,martinanthony@hotmail.com,Tracey Johnson,F,lawsoncody,368,0.000599802
369,"USNV Carney
FPO AA 76049",57,michelleramirez@gmail.com,Gabriel Reyes,M,patriciarobinson,369,0.007383028
370,"1670 Johnson Road
East Gilbert, NJ 06530",41,hubbardelizabeth@yahoo.com,Melinda Kaiser,F,todd80,370,0.004393716
371,"PSC 1807, Box 4048
APO AP 90006",51,kristycampbell@yahoo.com,Christopher Brock,M,xharding,371,0.004255437
372,"4899 Jason Island Suite 487
Alexandriamouth, IL 13091",44,jonesjennifer@hotmail.com,Lisa Knight,F,samanthaowens,372,0.000765552
373,"PSC 3781, Box 0885
APO AE 85983",63,nbonilla@yahoo.com,Craig Hansen,M,kellyrachel,373,0.001797059
374,"79216 Pena Hills Suite 903
West Sydneyhaven, MO 11865",37,hodgebrenda@hotmail.com,Emily Hicks,F,alejandroyoung,374,0.001623547
375,"348 Wolfe Centers
Claytonberg, OH 06232",51,andrea75@gmail.com,Kendra Adams,F,sancheztommy,375,0.000467279
376,"00838 Bond Plains Suite 102
Lake Elizabethville, ME 62125",46,valeriegarner@gmail.com,James Miller,M,millerteresa,376,0.001382516
377,"6970 Fuller Plaza
Josephbury, TN 87494",46,lglenn@hotmail.com,Julie Ellis,F,linda36,377,2.85E-06
378,"19567 Rodriguez Village
Fosterberg, WY 26746",43,wendyreid@gmail.com,Mary Woodard,F,edward16,378,0.000934732
379,"9937 Daniel Roads
Juanburgh, GA 48068",52,connie91@gmail.com,Jeremy White,M,matthewmiller,379,0.002088048
380,"893 Austin Freeway Apt. 197
Jerrychester, TN 15073",43,theresa98@yahoo.com,Wendy Foster,F,meghanlee,380,0.001243165
381,"1171 Jackson Locks Suite 063
Maryview, WY 78843",60,jonathan28@hotmail.com,Suzanne Vaughn,F,bclark,381,0.000339034
382,"00056 Stewart Vista
Eduardoside, DE 66533",42,wiseamy@yahoo.com,Mary Harris,F,tmarshall,382,0.000995899
383,"USCGC Silva
FPO AA 20466",36,ocole@gmail.com,Timothy Foley,M,ayalalinda,383,0.000851173
384,"6838 Aaron Parkways Suite 494
Barryhaven, ND 07184",49,vlong@hotmail.com,Katherine Barr,F,spencergeorge,384,0.000543306
385,"0281 Russo Islands Suite 155
East Anthony, NV 26018",46,smithderrick@yahoo.com,Dr. Kelsey Owen,F,michael84,385,0.000780926
386,"546 Christian Throughway
Sandrafort, HI 83710",37,tmccarthy@hotmail.com,Eric Snyder,M,henryknapp,386,0.000310302
387,"48046 Tanner Extensions
South Christopherborough, PA 91001",42,charles57@yahoo.com,Barbara Porter,F,andrew74,387,0.001844256
388,"89411 Garcia Meadows
New Carrie, RI 40890",43,monica35@yahoo.com,Nancy Welch,F,vwood,388,0.003034728
389,"7738 Theresa Inlet
South Daniel, VA 37116",51,christinefreeman@gmail.com,Kimberly Castro,F,qwilliams,389,5.42E-05
390,"881 Cardenas Groves
East Sarahland, NM 64283",63,vgarcia@hotmail.com,Antonio Donaldson,M,melissasmith,390,0.000327532
391,"7002 Kelly Parkways
Paulbury, UT 57763",55,timothyguerra@gmail.com,Thomas Marshall,M,katelynrobinson,391,0.000649876
392,"94926 Hernandez Ville
North Randall, AL 49177",41,clarkejohn@yahoo.com,Jeffrey Olson DDS,M,jennifer05,392,0.001154975
393,"628 Christopher Mountain
East Debra, MO 59608",37,iashley@hotmail.com,Brett Cross MD,M,deborah65,393,0.000909232
394,"7264 Cody Lane Suite 940
Lisafort, MS 19147",44,matthewgibbs@gmail.com,Catherine Carter,F,gonzalezjulie,394,0.000408603
395,"USCGC Stevens
FPO AE 72139",41,stephen91@hotmail.com,Tiffany Sosa DDS,F,brittany55,395,0.001192222
396,"64541 Tina Dam
Danielport, NM 23740",56,houstonsara@gmail.com,Victoria Rodriguez,F,gregory56,396,0.000148498
397,"7736 Smith Lakes Suite 333
North Williamview, PA 23506",53,anna85@gmail.com,Veronica Lawson,F,patrick79,397,0.003159901
398,"09437 Kristine Key Suite 662
New Alexandra, VT 89215",41,cthompson@gmail.com,Michael Rios,M,josephschroeder,398,0.003388616
399,"944 Cardenas Shore
Aguilartown, SC 81245",43,kellyjohnson@hotmail.com,Michelle Adams,F,ginabryan,399,0.000991524
400,"2084 Beard Avenue Suite 578
Bakerland, TN 04580",41,emmarivera@yahoo.com,Sean Cole,M,cordovastephen,400,0.001097246
401,"926 Elizabeth Points
Melissaside, CT 01289",44,moranandrew@hotmail.com,Amber Jordan,F,jack66,401,0.00163624
402,"857 Kimberly Shoal
Juarezhaven, NE 29033",46,perrylaura@yahoo.com,Melissa Allen,F,mary53,402,0.001327569
403,"85338 Powers Pike Suite 496
Tylermouth, MI 39539",38,joseph70@hotmail.com,Ruth Vega,F,tthomas,403,0.001823292
404,"83674 Ortiz Underpass
North Kevinville, ID 46374",62,victorpatel@hotmail.com,Darius Goodwin,M,danielflores,404,0.004918346
405,"55990 James Inlet Suite 596
Rowemouth, DC 29587",53,emmabaker@hotmail.com,Carolyn Le,F,brianhunt,405,0.00016013
406,"Unit 4303 Box 9281
DPO AE 76576",43,ambermurray@hotmail.com,Kimberly Ward,F,smithstephen,406,0.001660754
407,"624 Stephanie Plaza Apt. 473
Lake Jennyland, WI 47305",48,hunterandrew@gmail.com,Stephen Knight,M,ewingandrew,407,0.000359196
408,"397 Katherine Crest
Kimberlyside, MD 74824",41,deborah63@yahoo.com,Heather Wall,F,andersonmichele,408,0.003189331
409,"Unit 7212 Box 8255
DPO AA 70853",41,caseywilliam@hotmail.com,Jason Drake,M,richardbenjamin,409,0.001114007
410,"PSC 8350, Box 0974
APO AE 59429",53,mariadominguez@hotmail.com,James Johnson,M,shawn20,410,0.002413467
411,"87809 Taylor Circles Suite 911
Russellmouth, NE 32367",48,jasonholloway@yahoo.com,Maria Avery,F,ashleyhill,411,0.00088227
412,"6949 Michelle Ramp
Jenniferside, IN 45985",47,cooperthomas@hotmail.com,Erin Miller,F,mendozapaul,412,0.000298676
413,"0024 Roy Manors Apt. 510
Robertville, NJ 57812",38,glendacampbell@hotmail.com,Olivia Costa,F,jennifer40,413,0.001851929
414,"525 Eric Manor Apt. 882
South Jean, MD 44091",43,xgraves@hotmail.com,Jeanne Miller,F,patricia35,414,0.00024806
415,"90237 Eric Vista Apt. 724
East Jenniferland, SC 23198",48,logan73@yahoo.com,Molly Raymond,F,mitchellmelanie,415,0.001740183
416,"09624 Stevens Extension
Samanthahaven, MT 27706",43,brownpatricia@hotmail.com,Brittany Carter,F,ruthchang,416,0.000988816
417,"8559 Hernandez Island Suite 810
East Heather, OK 52176",37,georgemcclure@hotmail.com,Christopher Jones,M,erikasmith,417,0.000827087
418,"15894 Brown Row
Port Betty, IA 95405",46,ricky25@yahoo.com,Lisa Smith,F,lsantana,418,0.005419403
419,"24810 Morris Estates Suite 163
Alexandrafurt, VA 51487",32,brian65@hotmail.com,Justin Adams,M,kayleegraham,419,0.002361419
420,"82307 Taylor Lane
North Rachel, GA 50070",47,donaldmiller@yahoo.com,Kristine Watson,F,nicholassanchez,420,0.001714055
421,"1495 Amy Stravenue
South Jamieside, WV 11490",45,bakerjohn@hotmail.com,James Patel,M,dallen,421,0.00034995
422,"26242 Henderson Fall
Jacksonhaven, NV 96579",44,michael84@hotmail.com,Timothy Richards,M,kevin23,422,0.00253083
423,"3795 Ortiz Vista Apt. 154
West Charles, AK 14744",54,lovetony@gmail.com,Cheryl Garcia,F,michaelwilliams,423,0.001083797
424,"7396 Evans Plaza Apt. 891
Carolland, DE 53778",49,josephsingleton@gmail.com,Sandra Nelson,F,rita24,424,0.003911642
425,"1369 Adam Rapids Apt. 643
East Kimberlyton, WY 31163",54,walter69@gmail.com,Michael Cruz,M,nicholasbarber,425,0.00079551
426,"04721 Travis Manor
New Jessica, DE 68625",50,deborah47@yahoo.com,Mason Walker,M,tonya77,426,0.002120173
427,"62306 Webster Knoll Suite 131
Swansonfurt, AL 72488",29,rmurphy@hotmail.com,Lori Flores,F,kallen,427,0.000640792
428,"PSC 3789, Box 7962
APO AP 78043",58,martinsaunders@gmail.com,Karen Lopez,F,christiesmith,428,0.003015863
429,"PSC 8124, Box 5125
APO AP 47407",52,davidwyatt@hotmail.com,John Michael,M,foleymartha,429,0.002428963
430,"33528 Lisa Manor Suite 885
Lake Kimberlymouth, AR 35562",41,jose29@gmail.com,Erin Neal,F,brenda22,430,0.000752087
431,"918 Davis Passage Apt. 560
North Annette, PA 10597",58,lcarrillo@yahoo.com,Joanne Collier,F,gduncan,431,0.002535281
432,"73664 Lawrence Mountains
Anaside, KS 22199",49,hollandalyssa@hotmail.com,Jason Boone,M,richard08,432,0.001789138
433,"8715 Daniel Mills
West Valerie, KS 88923",50,mclaughlinbrandon@gmail.com,Michelle Harris,F,ffisher,433,7.28E-05
434,"8271 Michael Plaza Suite 760
Bestside, SD 32366",39,hugheskimberly@gmail.com,Ana Burke,F,kimberly78,434,0.000548038
435,"28657 Potts Manor
Glovermouth, AZ 26936",57,jennifer32@gmail.com,Jeffrey Estrada,M,cody28,435,0.00034009
436,"29443 Kimberly Ports Apt. 448
Samanthaborough, MN 34631",40,iwebster@yahoo.com,Jessica Lambert,F,stacy90,436,0.002546771
437,"062 Christopher Mountain
South Kristiside, CT 34264",43,oliverheather@hotmail.com,Lisa Hernandez,F,derekatkins,437,0.001076889
438,"5911 Alexis Spurs Suite 564
New Jennifer, HI 81022",45,andrewwinters@yahoo.com,Linda Rose,F,tperez,438,0.000515124
439,"634 Jenna Hill
Dickersonfurt, NM 05733",45,sheila02@gmail.com,Jennifer Stewart,F,qlin,439,0.002018471
440,"169 Williams Forges Apt. 129
West Samantha, WA 07441",48,kevin68@gmail.com,Alan Adams,M,laura55,440,6.51E-05
441,"611 Noah Wall Suite 106
Hillfurt, WY 96981",45,brownnatalie@yahoo.com,Wanda Campbell,F,sharontorres,441,0.003239896
442,"PSC 4134, Box 3841
APO AE 61457",46,blackburnrebecca@hotmail.com,Barry Rollins,M,emay,442,0.003619989
443,"26784 Ayala Alley Apt. 299
New Jamiestad, TN 64158",37,bonnie16@hotmail.com,Shawn Drake,M,susan23,443,0.002854826
444,"28893 Candice Isle
Reynoldshaven, MI 25829",48,cbaker@hotmail.com,Ashley Walker,F,jfox,444,0.002107255
445,"7048 Brown Field
Curtishaven, ID 55102",31,gibbswendy@hotmail.com,Steven Bennett,M,rachel80,445,0.002290558
446,"2223 Gibson Forest
Port Travisfort, VA 59455",54,fisherjerry@gmail.com,Ashley Carson,F,robin02,446,0.00130153
447,"Unit 1352 Box 7765
DPO AE 82028",58,riveratiffany@gmail.com,Garrett Bishop,M,brandon31,447,0.000874361
448,"240 Nichols Plaza Suite 888
Emilyport, NV 76729",46,brian74@hotmail.com,Mark Hensley,M,john21,448,0.000356277
449,"1044 Brown Hills
Brownchester, SC 07197",46,vicki26@hotmail.com,Kimberly Adams,F,martinmargaret,449,0.005185411
450,"65155 Taylor Estates Suite 185
Port Jamesport, KS 85744",33,carla41@gmail.com,Anthony Ellis,M,christine00,450,0.00143948
451,"1327 Lane Port Suite 315
Lake Lisa, VA 64128",44,tina19@yahoo.com,Donald Lopez,M,rodriguezlauren,451,0.000883897
452,"7346 Long Spurs
Mendozaborough, OH 62429",51,tnelson@hotmail.com,Amanda Tucker,F,davisleroy,452,0.00063385
453,"PSC 2078, Box 6257
APO AA 70315",28,gonzalezamy@hotmail.com,Robert Garrison,M,carolynramirez,453,0.000187114
454,"71844 Adam Shore Suite 649
Hessburgh, CO 40732",45,fred83@yahoo.com,Troy Johnson,M,ysmith,454,0.000324018
455,"09417 Joseph Estates Suite 195
New Dennisburgh, VA 80296",28,youngdavid@yahoo.com,Hannah Lewis,F,williamrodriguez,455,0.002526737
456,"56960 Steven Light Suite 563
New Rebecca, GA 66950",30,johnalvarez@gmail.com,Kevin Chambers,M,bgentry,456,0.002348206
457,"8553 Lucero Fields Suite 533
East Mollyhaven, AL 95711",28,twolfe@yahoo.com,Teresa Perez MD,F,eric92,457,0.000815552
458,"Unit 9293 Box 9426
DPO AA 73529",33,evansjason@yahoo.com,Laurie Wilson,F,martinrebekah,458,0.00150611
459,"44023 Cole Key
Lewisshire, GA 16714",36,murphylarry@hotmail.com,Emily Buchanan MD,F,zlewis,459,0.001190199
460,"921 Bryan Lake Suite 069
New Jennifer, KS 78328",57,riverstodd@gmail.com,Sharon Barrett,F,ohall,460,0.000539958
461,"459 Matthew Stream
Clarkeville, CO 43639",28,lawrencejames@hotmail.com,Matthew Hodges,M,jorge13,461,0.000839375
462,"6357 Melissa Island
West Matthew, WA 54859",41,sarahfrancis@gmail.com,Margaret Webster,F,taylornicholas,462,0.001976417
463,"48381 Jason Estate
Edwinchester, AL 72121",41,kleinandrea@yahoo.com,Gina French,F,paulleach,463,0.001055421
464,"380 Harris Crossroad Suite 188
Lynchhaven, PA 61992",40,morrislinda@hotmail.com,Bonnie Huang,F,htucker,464,0.000431127
465,"USCGC Macdonald
FPO AA 85769",24,wilsonjessica@yahoo.com,Christopher Robinson,M,adamsgene,465,0.003403257
466,"74780 Taylor Parks Apt. 503
Port Ralphshire, NC 05148",29,nmoses@yahoo.com,Michelle Serrano,F,bennettgeorge,466,0.000403715
467,"PSC 6855, Box 2833
APO AE 43753",39,williamhoward@yahoo.com,Julie Dixon,F,paulanthony,467,0.00274359
468,"351 Dawn Shore Suite 155
East Ruben, SC 95566",29,suttonjulia@hotmail.com,Matthew Phillips,M,travismartinez,468,0.00207997
469,"63001 Julie Parks
Kathyton, IN 05036",43,clarkmatthew@hotmail.com,Amy Banks,F,fpearson,469,0.001446277
470,"6302 David Circles
Ericberg, IN 14355",35,dcarter@yahoo.com,Michael Jones,M,fishermason,470,0.000194852
471,"7150 Shannon Cove Apt. 599
South Angelamouth, OH 58402",43,johnlambert@gmail.com,Roger Jackson,M,vicki17,471,0.000903052
472,"65782 Griffith Prairie
Allenmouth, VT 91745",27,robert22@gmail.com,Mr. Anthony Mckay,M,carlabanks,472,0.001585961
473,"9178 Moore Rest
Lewisstad, AL 07574",24,wduarte@gmail.com,Kenneth Farmer,M,gonzalezmaurice,473,0.00038429
474,"3000 Moran Junction
Jeffstad, NJ 23267",43,bryan71@hotmail.com,Harold Daugherty,M,youngkathy,474,0.000697656
475,"37336 Laurie Rest Apt. 037
Johnsonchester, LA 30354",28,kristielutz@yahoo.com,Brandon Harrison,M,avargas,475,0.000775619
476,"940 Gross Terrace Suite 507
Port Nathan, NM 08754",31,kristinajohnson@hotmail.com,Catherine Tucker,F,maryrodriguez,476,0.002092952
477,"4392 Morrow Causeway
East Lisaside, AZ 79959",49,thompsonkaitlin@hotmail.com,Bradley Schultz,M,mwarner,477,0.000591159
478,"3331 Murphy Lake Apt. 053
Melanieburgh, OK 96529",28,andersonamy@gmail.com,Charles Ball,M,jacobadams,478,0.003496931
479,"USNV Flores
FPO AE 13153",43,travisstewart@gmail.com,Robert Newman,M,jessicaharrison,479,0.002220341
480,"342 Alfred Summit Suite 445
Michelefurt, TN 30562",48,estesstephen@gmail.com,Andrea Page,F,karlathompson,480,0.000555417
481,"2497 Joshua Forges
Guzmanchester, SD 56609",34,charlesmorrison@yahoo.com,Matthew Campbell,M,tbush,481,0.00069365
482,"7016 Melody Place
Port Stephen, CO 27473",37,isaiahmurphy@hotmail.com,Nathan Crosby,M,asmith,482,0.000204664
483,"781 Gross Rapid
New Robinburgh, WA 21942",31,diane95@hotmail.com,Carol Dixon,F,yrobinson,483,0.005104568
484,"786 Corey Street
Jasonhaven, OR 57358",30,timothy61@gmail.com,Timothy Maynard,M,christophercollins,484,0.00050463
485,"9037 Arroyo Harbors
Port Deborahton, MS 26254",40,laurawyatt@gmail.com,Teresa Sloan,F,richard58,485,0.002731328
486,"69946 Curtis Circle
Port Michael, AK 32616",30,mcdonalddebbie@gmail.com,Mr. Michael Ellis,M,tshelton,486,0.001587847
487,"343 Williams Causeway Suite 208
Amyport, WI 78325",33,jacksonjohn@yahoo.com,Ross Villa,M,bwilliams,487,0.000220903
488,"58923 Coleman Court
Laurieland, ME 82072",36,robert80@gmail.com,Benjamin Kennedy,M,taylorchristina,488,0.000112759
489,"07148 Guerrero Dale Suite 229
Donaldberg, MO 56510",38,dana87@hotmail.com,Amy Byrd,F,codyedwards,489,0.000983644
490,"144 Johnny Estates
South Phillip, AR 20382",32,rgaines@gmail.com,Mr. Michael Rivers II,M,zrice,490,0.000947793
491,"6768 Janice Ways Suite 181
Craigshire, NJ 58172",30,irivas@yahoo.com,Mrs. Shannon Kane,F,onealkevin,491,0.003759297
492,"71904 Kenneth Valley Apt. 906
Youngport, GA 25658",39,kathleen96@gmail.com,Karen Moran,F,melanie20,492,0.000644804
493,"4364 Lauren Views
Robertchester, MD 95634",37,pfrost@hotmail.com,Laura Hardy,F,marylopez,493,0.000723049
494,"875 Denise Corner Suite 485
Spencehaven, NH 28848",44,justin13@gmail.com,Rebecca Newton,F,rachel22,494,0.001404262
495,"7718 Allison Tunnel Suite 957
West Elizabethfort, UT 97771",34,rcollins@gmail.com,David Rodriguez,M,patrickmoore,495,6.63E-05
496,"4721 Mcintyre Spurs
Alyssamouth, MA 16921",39,awallace@hotmail.com,Miss Veronica Peters,F,blambert,496,0.000131386
497,"155 Keith Ports Suite 783
Sabrinastad, ND 35542",21,jeremybutler@yahoo.com,Mariah Robbins,F,lisa81,497,0.00139184
498,"2503 James Plains
West Daniel, WV 60498",29,rebeccapruitt@yahoo.com,Kyle Thomas,M,cummingsrichard,498,0.001200911
499,"04032 Danny Meadows
Isaiahton, CT 00662",50,crawfordjustin@hotmail.com,Spencer Smith,M,ronaldbarnes,499,0.001632361
500,"459 Brian Point Suite 918
Elizabethborough, TN 49605",35,hamiltonchase@gmail.com,Jeremy Cohen,M,barronlauren,500,0.00119857
501,"35568 Angela Spur
Lake Eric, NE 07890",33,ann32@hotmail.com,Luis Brown,M,johngraham,501,0.000647244
502,"6553 Bobby Parkways Apt. 990
Danielstad, OR 87894",51,jacqueline14@yahoo.com,Dr. Hannah Mason MD,F,glennsimmons,502,0.00122361
503,"1160 Kristen Wall
East James, OK 84751",35,saraclarke@gmail.com,George Mcmahon,M,kbarrett,503,0.001018628
504,"104 Todd Fort
Juliafort, TX 17179",45,vanessa51@yahoo.com,John Rosales,M,rsandoval,504,0.00052752
505,"08001 Renee Mission
North Gregoryview, IL 56558",31,kevinjennings@gmail.com,Maria Murray,F,qtorres,505,0.000226456
506,"5121 Wendy Isle
Brandonhaven, AL 30959",35,renee22@yahoo.com,Stacey Stone,F,estradastacy,506,0.000489751
507,"034 Cox Row
South Paulfort, AZ 67371",49,laura29@hotmail.com,Matthew Boyd,M,mary45,507,0.002169971
508,"058 Raymond Loop Suite 512
New Susan, VT 61235",32,igonzalez@gmail.com,Henry Ellis,M,feliciasexton,508,0.000139165
509,"84862 Huber Lodge
Mcphersonberg, LA 97653",59,donnamorrow@gmail.com,John Hansen,M,mooresteven,509,0.001584855
510,"Unit 1952 Box 5400
DPO AP 15853",48,barbersue@yahoo.com,Jon Garcia,M,kellycochran,510,0.000800717
511,"92194 Abigail Rest Apt. 746
Katherinetown, AK 92314",24,gouldtonya@yahoo.com,Matthew Robertson,M,harveybryan,511,3.97E-05
512,"613 Keith Fall Suite 606
Hammondmouth, MT 53037",38,jennifer26@hotmail.com,Kari Berger,F,phillipcook,512,0.000382825
513,"USNV Sparks
FPO AE 26550",44,timothystone@hotmail.com,Kathy Turner,F,davidsonanthony,513,0.000340189
514,"1801 James Parkway
East Robin, WI 37050",41,rcampbell@yahoo.com,Denise Tapia,F,paynenatalie,514,0.004164326
515,"57651 Justin Roads
North Alexandra, AR 62479",36,ywells@hotmail.com,Amanda Berger,F,greenchristopher,515,0.000405387
516,"33214 Jennifer Harbors Suite 424
East Williamfurt, NC 41140",41,harrisjustin@gmail.com,Chad Figueroa,M,wandarobinson,516,0.001456469
517,"8833 Samantha Parks
Spencerside, RI 48054",33,dmorales@gmail.com,William Miranda,M,emason,517,0.003126995
518,"2950 Ellen Land Apt. 937
Haneymouth, WI 72456",34,ricardocannon@gmail.com,Karina James,F,hunterjonathan,518,0.000900261
519,"16416 Garcia View
New Amberberg, DE 66887",35,susan18@yahoo.com,David Davis,M,jessicaperez,519,0.000289066
520,"98529 Megan Gardens Suite 472
East Sarah, VT 61632",42,dawnsampson@hotmail.com,Betty James,F,shelby51,520,0.001119919
521,"PSC 8988, Box 1327
APO AP 74661",39,garyclarke@gmail.com,Kirk Lane,M,jpineda,521,0.002051123
522,"27507 Wood Ferry
Abbotthaven, IA 87657",43,lramsey@hotmail.com,Ryan French,M,christopher00,522,0.000348181
523,"675 Timothy Walks Apt. 563
East Justin, MS 11981",28,joseph18@hotmail.com,John Prince,M,rossrachel,523,0.001220866
524,"PSC 3652, Box 0402
APO AP 05062",34,wbanks@yahoo.com,Dana Johnson,F,whitakerbetty,524,0.001178716
525,"4434 Horton Shoals
Ashleybury, KS 91762",45,jameswilliams@gmail.com,Virginia Stewart,F,zchan,525,0.000437322
526,"09712 Jessica Causeway
Lake Matthew, WY 21861",33,toniheath@hotmail.com,Stephen Murray,M,pcervantes,526,0.000379012
527,"84978 Kaitlyn Glen
South Robert, AL 32428",32,adammolina@gmail.com,Michael Wells,M,christopher48,527,0.000210466
528,"001 Carpenter Land Apt. 033
Patriciaborough, TN 27225",42,halexander@hotmail.com,Nicole Mills,F,marksmary,528,0.003070084
529,"380 Christian Drive Suite 748
Ronaldport, NY 78055",31,nsmith@gmail.com,Donald White,M,omckenzie,529,0.001843371
530,"396 Randall Oval
South Linda, LA 70634",29,mariashaw@gmail.com,Debra Cox,F,joshua36,530,0.001271525
531,"4314 Guerrero Union
Jennifermouth, MO 44864",38,smithjennifer@gmail.com,John Johnson,M,sanchezamanda,531,0.000145538
532,"437 Ralph Fields Suite 680
Sharonchester, TX 48500",38,kimberlyarmstrong@yahoo.com,Marcus Finley,M,whitneymorris,532,0.001455345
533,"965 Travis Route Apt. 978
North Darrellfurt, HI 19505",53,paulkim@gmail.com,Lance Hicks,M,tortega,533,0.00057695
534,"2967 Levine Prairie Suite 505
South Stevenview, IN 81754",33,brian06@hotmail.com,Kevin Fields,M,jose48,534,0.001231456
535,"756 Vang Estate Apt. 364
Christopherfort, WA 39989",28,cynthia64@hotmail.com,Brian Farmer,M,glennjames,535,0.001054927
536,"196 Taylor Parkway
Quinnborough, PA 38006",35,robinsonsarah@hotmail.com,Dr. Mark Perkins,M,mark74,536,5.27E-06
537,"39147 Cook Shore Suite 678
New Carlosland, ND 36178",48,joshuaeaton@hotmail.com,Paul Castaneda,M,alexolson,537,0.000485115
538,"9498 Allen Estate Suite 409
New Jonathanhaven, CO 63717",34,jonesnoah@hotmail.com,Shaun Humphrey,M,danielle06,538,0.000611851
539,"8496 Melanie Manor
Thomasville, LA 87440",32,kathryn66@gmail.com,Kyle Mcmahon,M,carlosmartin,539,0.000352546
540,"Unit 0666 Box 4158
DPO AP 64754",33,rollinsjohn@hotmail.com,Cory Anderson,M,stephenherring,540,0.000599664
541,"60053 Cynthia Street
West Suzannebury, FL 28038",51,inewman@gmail.com,Kimberly Alexander,F,derek79,541,1.25E-05
542,"0107 Garcia Gardens Suite 361
Williamstown, MT 70023",30,ocraig@gmail.com,Darlene Holmes,F,xgonzales,542,0.000663708
543,"71840 Johnson Parkway
Shieldstown, ME 59996",30,emily58@yahoo.com,Suzanne Hoffman,F,anewman,543,0.004224463
544,"PSC 9345, Box 8562
APO AE 79976",26,brianastephens@hotmail.com,David Kim,M,qflynn,544,0.001885331
545,"Unit 0151 Box 1681
DPO AP 38063",23,christopherhernandez@gmail.com,Todd Ross,M,heathergreer,545,0.000661093
546,"602 Jean Club
Joshuaside, TX 78614",29,ryan59@hotmail.com,Philip Anderson,M,meganryan,546,0.001157332
547,"3140 Galloway Isle Apt. 908
Bankshaven, ME 35383",35,robertahickman@yahoo.com,Jessica Daniels,F,phyllischandler,547,0.000476353
548,"8702 Wright Forges
Morrisfurt, MN 89674",37,mwolfe@hotmail.com,Katelyn Macdonald,F,sanchezdominique,548,0.000733631
549,"124 John Lights
East Kimberlybury, SD 66009",27,melissa04@hotmail.com,Tyler Norman,M,lisathompson,549,0.001810725
550,"1976 Tucker Cliffs Apt. 537
South Scott, AL 08122",29,cramos@gmail.com,Sara Sherman,F,marksmith,550,0.002054923
551,"8556 Patel Mountains
West James, SC 56840",43,thomas52@yahoo.com,Chad Perry,M,lisa84,551,0.001555842
552,"80613 Stephanie Run
East Alison, DC 94707",38,amy32@gmail.com,Mark Carpenter,M,pwhite,552,0.003501829
553,"8724 Foster Ridge Suite 001
New Nicholas, NH 35129",37,ebrady@yahoo.com,Tammie Hernandez,F,billy26,553,0.000250501
554,"5029 Nicholas Trail
Penatown, PA 32816",37,smithcarlos@gmail.com,Rachel Davis,F,roger29,554,0.000315415
555,"88289 Margaret Glens
Terrellfort, AL 24099",39,aramos@gmail.com,Nicole Richard,F,belindasullivan,555,0.000481558
556,"94661 Bradley Rest
West Victortown, ND 17607",24,jeffrey46@yahoo.com,Cynthia Harrison,F,millerjamie,556,0.000776228
557,"4768 Cruz Land
Josephton, NY 41792",37,stewartmary@hotmail.com,Blake Hampton,M,rhanson,557,0.002404668
558,"47506 Virginia Meadow
West Christopher, AR 70296",28,yewing@gmail.com,James Dalton,M,silvamelissa,558,0.000227201
559,"36760 Case Ranch
Brownstad, KS 61706",40,lisa10@yahoo.com,Jennifer Brown,F,kelly41,559,6.98E-05
560,"177 Vanessa Manor Apt. 584
Welchshire, LA 01344",43,jasmine57@hotmail.com,Theodore Campbell,M,timothyhess,560,0.001568749
561,"3045 Alejandro Center Suite 081
South Jenniferstad, PA 11102",31,anthony59@yahoo.com,Brittany Long,F,susanharris,561,0.000208755
562,"107 Newman Track Suite 401
West Michael, NH 66172",39,judyking@yahoo.com,Terry Scott,M,mary15,562,0.001063306
563,"839 Nichols Viaduct Apt. 446
Lake Jessicaberg, HI 74838",31,lisafry@yahoo.com,Ryan Potts,M,markrussell,563,0.000122148
564,"909 Anthony Ville Apt. 077
Karenville, MD 07113",29,andrewsamanda@yahoo.com,Angela Wilcox,F,tayloramy,564,0.000889765
565,"135 Vargas Streets
Christinahaven, MS 31709",33,kmatthews@yahoo.com,John Fisher,M,colemichael,565,0.000703079
566,"5074 Riley Rapids
North Veronicaton, SD 67706",47,xgutierrez@yahoo.com,Jessica Brown,F,emilybrown,566,0.001822809
567,"27880 Pamela Skyway
Lloydside, DE 48572",43,michael63@gmail.com,Daniel Lawson,M,andrew81,567,0.00039168
568,"7624 Mary Fort Apt. 688
Whitneyfort, RI 70481",29,rodriguezamy@yahoo.com,Mark Rodriguez,M,kimberlyestes,568,0.00145015
569,"126 Gutierrez Rue
North Melissa, MD 42728",33,manningstephanie@gmail.com,Paige Bond,F,odavis,569,4.47E-05
570,"75737 David Harbor
East Leonardberg, MO 98704",38,douglasrebecca@yahoo.com,Ashley Jones,F,dchristian,570,0.000944171
571,"6151 Tiffany Haven
Karenborough, IN 07474",40,wayne09@yahoo.com,Aaron Ballard,M,stanleycarla,571,0.000854302
572,"19561 Anderson Path
Freemanhaven, AL 61570",26,tkelly@hotmail.com,Derek Glass,M,ohill,572,0.001238295
573,"Unit 9755 Box 5197
DPO AP 76258",24,alicia26@yahoo.com,James Davis,M,zjohnson,573,2.86E-05
574,"28505 Cynthia Plaza Apt. 087
South Timothyborough, GA 54368",48,spencerjennifer@gmail.com,Jonathan Franco,M,bradley07,574,0.000159381
575,"7267 Dawson Ridges Suite 897
East Marymouth, NY 33296",38,mhernandez@hotmail.com,Jesse Brown,M,crystalbrown,575,9.41E-05
576,"8677 Campbell Corners
Moorefort, WA 39166",39,madison39@gmail.com,Laura Dunn,F,stevensalyssa,576,0.00016583
577,"32288 Paul Island
Port Megan, VA 66419",41,whiteheadmatthew@yahoo.com,Manuel Fields,M,kherrera,577,0.000158707
578,"9064 Martin Mountains
Donnaville, HI 29082",32,rodneygriffin@hotmail.com,Jill Jenkins,F,sullivansara,578,0.000640553
579,"Unit 5183 Box 2516
DPO AE 46061",32,jacksongarrett@gmail.com,Vanessa Morris,F,kellyjohn,579,0.000289274
580,"3858 Michael Meadow Apt. 267
South Michelle, RI 42409",43,jordanderek@gmail.com,William Mccoy,M,elizabeth13,580,0.000235163
581,"PSC 1750, Box 1126
APO AE 44368",26,ipierce@gmail.com,Wanda Green,F,garciatimothy,581,0.000132612
582,"64236 Patricia Corners Suite 752
Michaelchester, UT 72307",40,carloselliott@hotmail.com,Debra Rodriguez,F,carollam,582,1.06E-06
583,"746 Todd Land Suite 118
North Pamfort, WV 83727",34,bcombs@yahoo.com,Erica Kemp MD,F,georgeperez,583,0.00042571
584,"PSC 8684, Box 7036
APO AA 28205",39,raygregory@yahoo.com,Brandy Simmons,F,hardingkristen,584,0.002724006
585,"4237 Evans Meadows
West Jessebury, MS 14369",21,josephschneider@yahoo.com,Nancy Douglas,F,javier71,585,0.000958945
586,"220 Gomez Street Apt. 812
North Bernardburgh, ID 28369",50,kennethrussell@gmail.com,Beverly Hall,F,connie03,586,0.001420384
587,"8230 Thompson Stream Suite 179
East Melindashire, NH 84704",41,woodslauren@gmail.com,Gina Taylor,F,michael24,587,0.000771899
588,"3260 Carol Spur
Adamfurt, OH 46795",33,thall@yahoo.com,Glenda Weaver,F,smithcassandra,588,0.001120591
589,"64475 Rose Run
West Jeremiah, TX 42480",33,martinezhaley@hotmail.com,Christopher Stewart,M,scottparsons,589,0.000646136
590,"84812 Galvan Mill Apt. 435
Arielborough, SC 39575",26,xclark@yahoo.com,Jerry Hill,M,stacyali,590,0.001422488
591,"62733 Howe Ways
Murphyfort, IA 45068",45,bradleymiller@yahoo.com,Glenn Benjamin,M,sanderskimberly,591,0.001233349
592,"4552 Andrews Meadows
North James, VT 57056",37,christopher97@gmail.com,Melissa Wright,F,jessicacraig,592,0.002205628
593,"513 Shannon Mountain
West Jessicashire, NE 04060",23,angela00@hotmail.com,Lisa Dickerson,F,johnwilkinson,593,0.000869354
594,"06191 Oliver Passage
Gabrielchester, NH 41615",40,nicholas92@gmail.com,Margaret Petersen,F,eaguilar,594,0.001394825
595,"354 James Squares
Pughfort, NM 57606",28,jenniferbrown@gmail.com,Nancy Morgan,F,steven84,595,7.01E-05
596,"78995 Morgan Viaduct
Lake Danielborough, PA 95848",40,sboone@yahoo.com,Zachary Reilly MD,M,rriggs,596,0.005877176
597,"1523 Edward Gateway
New Markmouth, MA 78274",39,madisonmcguire@hotmail.com,Carl Underwood,M,mendozacaitlin,597,0.000465552
598,"86121 Eugene Land
Bennetttown, ID 84581",36,megandiaz@gmail.com,Christina Conrad,F,philip82,598,0.001436475
599,"0820 Todd Dale Apt. 221
Wrightville, TN 07145",35,jeffersonjennifer@gmail.com,Jerry Hopkins,M,taylortiffany,599,0.001816688
600,"36523 Mitchell Shoal
Maryton, AZ 53561",24,mary48@hotmail.com,William Miranda,M,aimee03,600,0.00050975
601,"31624 Moses Shoals Apt. 843
West Courtneystad, OR 32449",38,elizabeth55@yahoo.com,Travis Patel,M,newmangeorge,601,0.000702267
602,"USNS Grimes
FPO AA 95538",43,monroejoshua@gmail.com,Andrew Jackson,M,donnaabbott,602,0.002456943
603,"202 Misty Court Apt. 128
West Christinatown, AK 49282",41,kimberlygardner@hotmail.com,Cassidy Winters,F,mendezleslie,603,0.002515052
604,"87534 Lindsey Stravenue
South David, GA 59427",39,fbender@hotmail.com,Karl Burnett,M,ostephenson,604,0.000439656
605,"Unit 2337 Box 7654
DPO AA 91028",53,hayesjustin@hotmail.com,Nathan Hernandez,M,jenniferwebb,605,0.000802456
606,"65558 Padilla Street Apt. 854
West Susan, WV 38789",32,joyce21@hotmail.com,Anna Winters,F,brent28,606,0.000528492
607,"422 Brown Court Suite 367
New Jacobville, GA 26190",45,james74@hotmail.com,James Randolph,M,wcooper,607,0.000144577
608,"60374 Marcus Mission Apt. 401
East Christopherbury, KY 48394",36,clarkshirley@gmail.com,Jacqueline Lara,F,mark38,608,2.17E-05
609,"168 Guerrero Cliff Suite 090
Markville, NH 19075",29,singhjoseph@hotmail.com,Heather Brady,F,mrosario,609,0.000856692
610,"63235 Brown Square Suite 131
Taylorchester, WV 47616",33,yjohnson@gmail.com,Damon Ellis,M,julieshaw,610,0.000648964
611,"35773 Evan Park
Mariaville, UT 67895",53,ljohnson@yahoo.com,Jeremy Ferguson,M,baileyfelicia,611,0.001552324
612,"34353 King Tunnel
Reyeschester, NC 72680",30,gina97@gmail.com,Justin Sheppard,M,jonathan09,612,0.00051352
613,"14248 Gomez Prairie Apt. 793
Port George, CT 31993",26,glenndonna@yahoo.com,Mason Wilson,M,benjamin09,613,0.002923053
614,"162 Larry Ville Suite 545
Barbaraland, WV 67549",26,morrisonchristopher@hotmail.com,James Wilson,M,pjohnson,614,0.003141629
615,"3731 Matthew Pines
South Teresaburgh, GA 03280",27,watsonmegan@hotmail.com,Amanda Gaines,F,bradley15,615,0.001042804
616,"241 Julia Grove Suite 511
Reyesbury, IN 12693",28,ronaldjones@hotmail.com,Diana Ford,F,michael01,616,0.001414089
617,"0860 Garza Manor Suite 344
Bradleychester, NV 55508",38,lopezbenjamin@yahoo.com,Victoria Freeman,F,elliottdavid,617,0.000194313
618,"5876 Alicia Mountain Apt. 270
South Mark, UT 16853",34,wlee@hotmail.com,Jessica Martinez,F,diane18,618,0.000790862
619,"USNV Turner
FPO AA 05011",29,alejandro00@hotmail.com,Jessica Suarez,F,anthony40,619,0.00023154
620,"498 Austin Groves
South Feliciahaven, GA 94617",18,deborahwilliams@hotmail.com,John Cuevas,M,kday,620,0.000101603
621,"12274 Rhonda Trace
New Kristiport, AL 00905",34,klawrence@gmail.com,Christopher Mason,M,taylor16,621,0.001447653
622,"9327 Smith Junction
Ryanmouth, NJ 41551",34,kmack@hotmail.com,Robert Cooper,M,smithcharles,622,0.001836665
623,"74911 Renee Place Apt. 455
Morrisland, DC 18466",39,joseph21@hotmail.com,Christina Chase,F,gwilliams,623,0.000649259
624,"973 Miller Burg
Dixonhaven, TX 72588",34,eric26@yahoo.com,Brandi Rich,F,garciaseth,624,0.0009449
625,"21011 Kristina Parks
Randyshire, ND 61223",43,jacobsrobert@hotmail.com,Mikayla Jones,F,vanessa08,625,0.001775392
626,"49031 Wanda Skyway Apt. 890
Shanefort, IN 35723",26,anthonygarcia@yahoo.com,Jesse Hernandez,M,freemanjeffrey,626,0.001067382
627,"643 Amanda Turnpike Apt. 132
Cherylmouth, NC 32075",34,ronaldwilliams@gmail.com,Jonathan Mendez,M,palmerjames,627,0.000385268
628,"1023 Campbell Spring
Juanchester, LA 40134",38,walter06@hotmail.com,Heidi Smith DDS,F,hubbardmichael,628,0.000693071
629,"773 Lauren Estate
West Nathanfort, VT 11002",31,jamesramos@yahoo.com,Jason Cox,M,michaelroberts,629,0.001227946
630,"6628 Michael Passage
Wilsonfort, DE 86578",38,alexandrabenjamin@hotmail.com,Spencer Neal,M,qduke,630,0.000637834
631,"2244 Todd Terrace
Jeffreytown, IN 47193",36,ann78@gmail.com,Heather Moss,F,chaneyronald,631,0.000736155
632,"84835 Tucker Extensions
Lake Ronniefurt, WA 05837",44,emoore@yahoo.com,Jose Murphy,M,pearsondaniel,632,0.002202333
633,"2977 Greg Club
Delgadoland, NC 11757",45,michaelapowell@hotmail.com,Andrew Guzman,M,patrick19,633,0.000194027
634,"31490 Craig Extensions Apt. 322
Scottton, ND 62668",34,abigail02@hotmail.com,Christopher Ballard,M,kristinjohnston,634,0.000874018
635,"30887 James Gateway
Port Samuelborough, MD 30917",32,stephen17@hotmail.com,Alexander Cline,M,skinnerkeith,635,0.000686301
636,"76819 Shannon Ville
North Tammychester, OR 20953",35,david56@yahoo.com,Lindsey Greene,F,darrengonzales,636,0.000947391
637,"963 Woodard Mall
New Alyssaburgh, WA 23178",37,dhiggins@gmail.com,Steven Allen,M,john64,637,0.000271604
638,"USS Elliott
FPO AP 58043",26,dmoore@gmail.com,Tanya Ingram,F,michaelgonzalez,638,0.002220758
639,"10839 Williams Spurs Suite 402
Gregoryside, VT 25299",27,williamsthomas@yahoo.com,Jennifer Santana,F,rsaunders,639,0.002144342
640,"95844 Stacy Rest
Lake Antonio, AR 10753",28,huntermcgrath@hotmail.com,Walter Jackson,M,aphillips,640,0.000369032
641,"20899 Jeremy Centers Apt. 905
Priscillaville, OR 39253",51,wongcody@yahoo.com,Gary Brown,M,ewalker,641,0.00374393
642,"PSC 7002, Box 6607
APO AA 46915",47,ycox@hotmail.com,Terry Nguyen,M,okirby,642,0.000111887
643,"22466 Miller Flat
Jamiemouth, GA 36830",31,timothy23@hotmail.com,Matthew Anderson,M,hopkinsbradley,643,0.007230329
644,"PSC 7049, Box 1843
APO AE 57685",53,scottmontgomery@hotmail.com,Brenda Pittman,F,carneydamon,644,0.002153954
645,"12397 Nelson Crest Suite 247
Craigville, CO 02660",25,pacekimberly@hotmail.com,Troy Jones,M,amandaowen,645,0.000271817
646,"477 Lucas Summit Apt. 047
Port Andrew, MS 95769",55,ashleyfreeman@yahoo.com,Stephen Wong,M,englishkim,646,0.0010798
647,"1358 Katherine Creek
Port Dylanville, DE 93909",23,lambertthomas@hotmail.com,Fred Morales,M,johnmurray,647,0.001687226
648,"5420 Angela Green Suite 865
South Francesbury, WY 45843",31,mossfrancisco@yahoo.com,Ashley Lutz MD,F,roger69,648,0.001561174
649,"543 Stephanie Pine
Rodriguezview, MD 72686",35,kimberlyhernandez@hotmail.com,Karen English,F,qlowery,649,4.93E-05
650,"131 Hansen Lake
South Robertaland, AK 84666",27,harrismichael@yahoo.com,Brandon Romero,M,astephens,650,0.002277865
651,"3692 Elizabeth Camp Apt. 497
Mcgeeton, WY 29799",29,simssophia@yahoo.com,Steven Rivera,M,tamara87,651,0.000507578
652,"5399 Alexis Fords Apt. 667
Carterton, AR 43850",28,jacksonrobert@gmail.com,Gary Mann,M,joseph90,652,0.001958709
653,"59232 Ross Green
South James, MT 07464",36,schneidermichael@hotmail.com,Christopher Hicks,M,travisedwards,653,0.003658575
654,"Unit 9863 Box 6541
DPO AE 41067",50,jpatterson@gmail.com,Amy Mccormick,F,steven17,654,0.000226193
655,"162 Melanie Mountains
Jasmineton, TN 69266",33,thomas85@gmail.com,Logan Turner,M,dsimon,655,0.000494681
656,"4326 Shepard Fort
Clarkmouth, IN 95980",39,jennifer90@hotmail.com,Zachary Holmes,M,angelamartinez,656,0.006924219
657,"29352 Larry Glens
Mindyshire, MT 02803",28,eduardo72@yahoo.com,Charles Howell,M,blackwellbeth,657,0.000885834
658,"3380 Rice Ferry
Williamsville, CO 11386",21,rstrong@hotmail.com,Debra Chandler,F,hamiltonrobert,658,0.002058543
659,"03270 Kristin Fords Apt. 343
Port Zacharyshire, NE 23494",42,megan55@hotmail.com,Kim Rodriguez,F,camachodeanna,659,0.002255637
660,"96177 Kathryn Plains Apt. 211
Nicholsonland, SC 37545",46,lopezamber@hotmail.com,Eric Myers,M,obrienjon,660,0.00126859
661,"50942 Adrian Ports Apt. 881
West Pamelamouth, LA 47155",49,chad19@gmail.com,Toni Acevedo,F,hudsondean,661,0.000829349
662,"82649 Robert Orchard Apt. 760
Peterfurt, MD 82820",39,williamsisaac@hotmail.com,Christina Hamilton,F,iwilliams,662,7.06E-05
663,"299 Kevin Flats Apt. 507
East Thomas, WI 24864",37,vazquezstephen@gmail.com,Matthew Wiley,M,kenneth45,663,0.000991763
664,"92203 Davis Road
North Carriestad, VA 98010",51,sherirodriguez@gmail.com,Candice Johnson,F,andersonashley,664,0.000175935
665,"90556 Valdez Trafficway Apt. 911
Wallsberg, WV 19620",39,ashley47@hotmail.com,Eric Cole,M,elizabethgonzalez,665,4.87E-06
666,"18816 Todd Stream Apt. 115
Johnsonview, DE 24120",38,ftaylor@hotmail.com,Mr. Paul Nguyen,M,ryan52,666,0.000661237
667,"72549 Mitchell Groves
New Jennifer, AL 73020",41,welchdanielle@hotmail.com,Gregory Lopez,M,blankenshipcynthia,667,0.001534328
668,"USNS Vargas
FPO AE 11422",36,whayes@hotmail.com,Laura Casey,F,elizabeth46,668,0.000533182
669,"PSC 0063, Box 7075
APO AA 14901",31,znicholson@hotmail.com,Joe Mcpherson,M,codyacevedo,669,0.001666203
670,"415 Barnett Estates
Brianstad, MO 32688",38,ggreen@gmail.com,Kevin Browning,M,xmartin,670,0.001281887
671,"01001 Hoffman Grove Apt. 328
Teresafort, MO 55410",39,pamela88@hotmail.com,Grace Hardin,F,wagnersydney,671,0.001042373
672,"23879 Austin Forest Apt. 718
North Alicia, GA 85960",36,diana76@yahoo.com,Dustin Morris,M,bryansmith,672,0.003512871
673,"PSC 8831, Box 9448
APO AP 63479",29,lopezkatherine@yahoo.com,Shirley Stewart,F,williamsdanielle,673,0.000156522
674,"6122 Delgado Stream
East Richard, OK 77701",35,tiffanybailey@hotmail.com,Heather Schmidt,F,tgonzalez,674,0.002971703
675,"9229 Sharp Village Apt. 906
West Jessica, SC 36376",38,mitchelljason@yahoo.com,Karen Peck,F,hgonzalez,675,0.000853976
676,"Unit 6595 Box 4319
DPO AP 10942",33,walkerbradley@yahoo.com,Pam Sanders,F,elizabethhays,676,0.001066277
677,"177 Willie Neck Suite 618
North Vanessaberg, ME 74829",32,smithtaylor@hotmail.com,Jessica Young,F,michael42,677,0.000138874
678,"3247 Jonathan Common Suite 232
Port Edwardhaven, ND 89943",40,timothysmith@gmail.com,Walter Rangel,M,hannahfritz,678,0.00230652
679,"62551 Jillian River Suite 697
North Petertown, IN 67848",38,grantjennifer@yahoo.com,Mary Mitchell,F,bradshawolivia,679,0.002330414
680,"9495 Franklin Walk
Christinachester, VT 85799",42,zwatson@hotmail.com,Christopher Brown,M,tanner06,680,0.000381316
681,"400 Erin Port
Port Matthewside, TN 87737",34,megan66@gmail.com,Sean Wilson,M,yjohnson,681,0.001511904
682,"PSC 6732, Box 2745
APO AA 69500",32,laura37@yahoo.com,Daniel Clayton,M,hallen,682,0.000194899
683,"295 Heidi Valley Suite 144
North Robertmouth, LA 43409",39,heather91@hotmail.com,Nicole Gallegos,F,jsoto,683,0.002327606
684,"568 Jonathan Cove
New James, CT 39419",26,butlermatthew@hotmail.com,Peter Flores,M,mollygonzalez,684,0.002744552
685,"25178 Michele Burgs Apt. 504
West Thomas, VT 56690",28,gbarajas@gmail.com,Cathy Allen,F,buckleydarren,685,0.002500501
686,"88559 Scott Junctions Suite 209
Williamchester, HI 45620",65,phorton@gmail.com,Jennifer Miller,F,jacquelinegardner,686,1.13E-06
687,"46592 Alexis Squares
Stacymouth, ND 16716",34,nblake@hotmail.com,Troy Sheppard,M,englishannette,687,0.00061712
688,"Unit 1518 Box 4320
DPO AA 30034",48,nicole68@gmail.com,Michael Armstrong,M,francorachel,688,0.000578731
689,"30775 Clarence Camp
East Carla, AL 55362",49,mccarthytimothy@yahoo.com,Charles Brooks,M,tina77,689,0.002596171
690,"002 Long Burg
Benjaminside, TX 34100",52,smithmaria@gmail.com,Angela Brown,F,zacharybrown,690,0.003171125
691,"682 Charles Run Suite 461
Tonyaland, DC 32798",28,jenniferswanson@hotmail.com,Mark Horton,M,rmadden,691,0.000594678
692,"67451 Jackson Expressway Suite 330
Lindaside, IA 92085",41,tyler16@yahoo.com,Darlene Sanchez,F,amorgan,692,0.004080809
693,"860 Chang Knoll
New Katrinafurt, WI 80939",37,jonespatricia@hotmail.com,Stephanie Andrews,F,sbarker,693,0.003945137
694,"08385 Charles Tunnel
New Holly, NH 47048",29,jesse82@hotmail.com,Francisco Williams,M,christine39,694,0.000152431
695,"56210 Natalie Plains
North Erika, HI 91708",31,tinaburton@yahoo.com,David Allen,M,coxvirginia,695,0.001368054
696,"2279 Richards Street Apt. 801
Port Michaelburgh, MD 85773",31,yharris@gmail.com,David Palmer,M,tamara34,696,0.001345413
697,"534 Nicholas Plain
West Matthew, CO 06260",50,rhayden@hotmail.com,Alan Newton,M,monicawatkins,697,0.000383694
698,"06260 Booker Road
South Michael, NC 31115",46,jenkinsmark@gmail.com,Teresa Winters,F,sandracruz,698,0.000178737
699,"0548 Jensen Burgs
Angelaville, AL 16963",25,miguellawrence@yahoo.com,Angel Young,F,longheather,699,0.000208722
